Customer_ID,Date_Enrolled,Recency,Deal_Purchases,Web_Purchases,Catalog_Purchases,Store_Purchases,Web_Visits
5524,2012-09-04 00:00:00,58,3,8,10,4,7
2174,2014-03-08 00:00:00,38,2,1,1,2,5
4141,2013-08-21 00:00:00,26,1,8,2,10,4
6182,2014-02-10 00:00:00,26,2,2,0,4,6
5324,2014-01-19 00:00:00,94,5,5,3,6,5
7446,2013-09-09 00:00:00,16,2,6,4,10,6
965,2012-11-13 00:00:00,34,4,7,3,7,6
6177,2013-05-08 00:00:00,32,2,4,0,4,8
4855,2013-06-06 00:00:00,19,1,3,0,2,9
5899,2014-03-13 00:00:00,68,1,1,0,0,20
387,2012-11-13 00:00:00,59,1,2,0,3,8
2125,2013-11-15 00:00:00,82,1,3,4,8,2
8180,2013-11-15 00:00:00,53,3,6,1,5,6
2569,2012-10-10 00:00:00,38,1,1,0,3,8
2114,2012-11-24 00:00:00,23,1,7,6,12,3
9736,2012-12-24 00:00:00,51,3,3,0,3,8
4939,2012-08-31 00:00:00,20,2,4,1,6,7
6565,2013-03-28 00:00:00,91,2,11,4,9,5
2278,2012-11-03 00:00:00,86,2,2,1,3,6
9360,2012-08-08 00:00:00,41,1,4,2,5,8
5376,2013-01-06 00:00:00,42,15,0,28,0,1
1993,2012-12-23 00:00:00,63,3,2,3,9,8
4047,2014-01-11 00:00:00,0,3,6,2,9,4
1409,2013-03-18 00:00:00,69,7,7,1,5,8
7892,2013-01-02 00:00:00,89,2,2,1,3,7
2404,2013-05-27 00:00:00,4,4,5,1,4,7
9422,2013-05-31 00:00:00,26,2,2,1,4,3
1966,2013-11-22 00:00:00,96,1,6,9,10,2
6864,2014-05-22 00:00:00,34,2,3,0,3,5
3033,2013-05-11 00:00:00,56,1,2,5,3,3
5710,2012-10-10 00:00:00,31,2,2,1,4,5
7373,2012-10-29 00:00:00,8,6,4,1,6,6
8755,2013-02-20 00:00:00,4,1,3,5,9,7
10738,2013-08-29 00:00:00,55,1,2,0,3,7
4339,2013-12-31 00:00:00,37,5,5,6,12,2
10755,2013-09-02 00:00:00,76,3,3,1,2,7
8595,2014-02-11 00:00:00,99,2,1,1,3,5
2968,2013-02-01 00:00:00,53,2,7,10,5,6
8601,2013-04-29 00:00:00,3,2,8,6,5,4
503,2013-03-12 00:00:00,88,2,2,0,3,8
8430,2012-12-24 00:00:00,4,1,0,0,3,5
2139,2013-10-02 00:00:00,19,3,2,0,3,5
1371,2014-06-28 00:00:00,72,1,2,4,9,1
9909,2012-11-09 00:00:00,24,3,3,1,3,9
7286,2013-05-24 00:00:00,92,1,2,0,2,10
6566,2012-11-08 00:00:00,39,9,5,2,12,8
8614,2014-05-12 00:00:00,29,1,4,2,10,2
4114,2012-08-11 00:00:00,2,1,6,9,13,3
1331,2013-01-02 00:00:00,54,2,2,0,3,7
2225,2014-06-07 00:00:00,54,1,4,9,7,1
9381,2013-06-12 00:00:00,57,7,4,2,10,3
6260,2012-11-19 00:00:00,55,1,3,10,13,1
10383,2013-04-02 00:00:00,30,1,5,5,10,3
7437,2014-04-28 00:00:00,31,1,1,0,4,3
8375,2014-03-03 00:00:00,63,3,8,2,6,7
6853,2013-07-04 00:00:00,12,1,3,6,11,1
3076,2012-09-07 00:00:00,18,4,4,2,12,3
1012,2013-02-18 00:00:00,26,4,8,2,10,7
6518,2013-06-11 00:00:00,8,1,7,3,8,5
4137,2013-12-06 00:00:00,29,1,7,4,4,4
8082,2013-05-21 00:00:00,75,1,1,1,2,7
1386,2014-05-11 00:00:00,0,1,1,0,2,7
9369,2014-03-19 00:00:00,19,1,11,10,10,5
4477,2013-09-27 00:00:00,4,1,5,2,10,4
1357,2013-04-08 00:00:00,90,7,2,5,5,5
1402,2012-09-11 00:00:00,1,3,4,8,6,3
6312,2013-03-17 00:00:00,29,4,10,3,13,7
8132,2013-04-05 00:00:00,88,5,9,2,8,7
1050,2014-04-30 00:00:00,58,1,2,1,4,2
5846,2012-12-19 00:00:00,68,1,1,0,2,6
1859,2012-08-27 00:00:00,34,1,7,6,5,5
7503,2012-10-12 00:00:00,40,0,5,8,9,4
10401,2013-09-04 00:00:00,12,1,0,0,3,3
1618,2013-01-02 00:00:00,9,2,10,1,8,8
3332,2012-08-29 00:00:00,87,4,3,1,4,8
2261,2013-06-23 00:00:00,5,1,1,0,2,7
5346,2013-07-03 00:00:00,87,3,3,0,3,7
4119,2013-05-11 00:00:00,56,1,2,5,3,3
535,2014-02-25 00:00:00,18,1,3,10,13,1
5268,2013-08-11 00:00:00,95,2,1,0,4,7
273,2013-07-16 00:00:00,48,5,3,1,4,7
4452,2014-05-28 00:00:00,3,4,6,1,6,7
8504,2014-05-12 00:00:00,70,1,5,6,7,2
771,2014-01-21 00:00:00,79,1,2,2,5,2
11178,2014-03-23 00:00:00,69,1,1,0,3,7
2230,2014-05-24 00:00:00,84,3,3,1,3,5
7516,2014-05-22 00:00:00,30,1,2,0,3,6
7247,2012-11-22 00:00:00,72,5,7,4,6,6
11100,2013-04-11 00:00:00,37,2,2,0,3,7
4646,2013-12-01 00:00:00,44,1,5,7,12,2
3037,2013-06-20 00:00:00,32,2,5,2,7,5
1473,2013-07-23 00:00:00,0,2,2,0,3,8
1016,2014-03-30 00:00:00,43,2,2,0,3,6
4518,2013-04-20 00:00:00,59,2,9,5,11,5
9370,2013-05-17 00:00:00,68,1,6,3,6,4
8908,2014-05-08 00:00:00,35,1,3,11,5,1
8373,2013-12-10 00:00:00,94,1,1,0,3,5
7533,2013-09-24 00:00:00,15,4,4,1,4,7
2683,2013-02-02 00:00:00,56,4,6,4,12,6
3629,2012-12-19 00:00:00,17,2,3,1,3,7
10991,2012-12-07 00:00:00,18,1,5,4,4,2
5077,2013-11-02 00:00:00,46,1,6,6,11,3
7431,2012-11-10 00:00:00,40,1,7,4,5,9
3267,2014-06-25 00:00:00,27,3,8,1,8,6
999,2013-01-02 00:00:00,95,1,6,7,11,3
9215,2012-12-12 00:00:00,19,5,6,4,6,7
2286,2013-09-10 00:00:00,27,2,2,1,3,6
1592,2014-01-24 00:00:00,25,0,4,6,5,1
367,2013-02-19 00:00:00,74,5,9,1,5,9
5234,2013-07-11 00:00:00,85,2,1,1,3,5
9862,2013-11-14 00:00:00,37,2,2,0,3,6
9805,2013-06-20 00:00:00,65,4,6,2,10,4
6205,2014-02-24 00:00:00,13,3,2,1,3,5
8442,2013-09-04 00:00:00,63,2,1,0,3,7
7386,2013-04-22 00:00:00,83,1,1,0,3,7
7215,2013-03-12 00:00:00,69,0,6,8,13,2
1491,2013-02-18 00:00:00,87,2,3,4,7,1
11071,2013-04-21 00:00:00,37,1,3,6,6,1
3381,2014-06-08 00:00:00,51,2,2,0,4,6
11051,2014-05-10 00:00:00,72,4,6,3,10,4
8026,2013-09-30 00:00:00,10,5,5,4,5,5
433,2013-03-10 00:00:00,42,5,11,1,6,8
9597,2014-02-10 00:00:00,10,1,7,2,9,4
5290,2013-08-14 00:00:00,51,5,5,1,5,8
1685,2013-03-17 00:00:00,21,1,4,5,13,3
5342,2012-08-08 00:00:00,31,2,1,0,3,8
9579,2013-07-07 00:00:00,61,3,2,2,2,8
7660,2014-05-19 00:00:00,37,2,1,1,2,5
1461,2013-07-28 00:00:00,74,2,2,0,3,7
821,2012-10-19 00:00:00,46,1,5,4,12,2
11084,2013-11-14 00:00:00,4,2,3,5,7,7
8690,2013-04-19 00:00:00,73,1,5,7,10,2
2937,2013-08-28 00:00:00,47,3,8,5,9,6
9701,2013-03-19 00:00:00,13,3,4,2,3,7
9949,2012-10-18 00:00:00,36,3,3,3,6,8
10837,2012-10-28 00:00:00,47,1,2,0,3,6
3120,2013-08-28 00:00:00,49,1,1,0,2,8
5885,2012-08-22 00:00:00,94,7,4,1,4,8
4050,2014-06-21 00:00:00,65,1,2,1,4,3
3830,2014-04-24 00:00:00,59,1,4,4,7,3
7987,2014-03-07 00:00:00,96,4,8,1,6,6
7798,2012-12-14 00:00:00,28,4,7,1,5,7
92,2014-05-12 00:00:00,12,4,3,0,4,6
7055,2012-10-09 00:00:00,57,2,8,5,11,5
10240,2013-02-19 00:00:00,10,1,10,4,6,4
3025,2013-07-08 00:00:00,4,3,6,1,5,7
9283,2013-09-12 00:00:00,49,1,0,0,3,4
9970,2013-10-17 00:00:00,3,1,1,1,6,2
2730,2013-08-20 00:00:00,64,1,3,4,10,1
2795,2013-07-01 00:00:00,0,1,1,0,2,7
9260,2012-11-05 00:00:00,20,2,10,6,9,6
8182,2014-01-05 00:00:00,91,4,3,0,4,8
10095,2013-05-01 00:00:00,9,1,5,4,10,2
8475,2014-03-01 00:00:00,98,15,0,22,0,0
4370,2013-11-13 00:00:00,83,3,2,0,4,6
10573,2013-11-18 00:00:00,27,1,6,7,4,3
3712,2013-08-28 00:00:00,63,1,3,2,6,4
6637,2013-11-02 00:00:00,46,1,3,4,7,1
3152,2014-02-25 00:00:00,84,3,2,1,3,5
5610,2014-04-21 00:00:00,58,2,1,0,3,7
6460,2013-07-13 00:00:00,78,2,2,0,3,8
1349,2014-04-21 00:00:00,4,1,3,1,3,6
1880,2014-01-30 00:00:00,17,2,2,1,3,5
641,2014-04-04 00:00:00,77,1,2,2,2,4
8717,2012-09-12 00:00:00,56,1,11,8,8,5
10314,2012-12-16 00:00:00,79,1,9,10,5,4
10854,2014-05-23 00:00:00,90,2,2,0,3,7
10492,2014-06-24 00:00:00,96,1,0,0,3,2
6935,2013-12-01 00:00:00,44,1,5,7,12,2
7698,2014-05-11 00:00:00,81,1,4,1,4,5
3559,2014-05-10 00:00:00,77,3,2,1,3,6
10562,2013-09-28 00:00:00,21,1,6,4,13,2
10796,2014-01-22 00:00:00,16,1,1,1,3,6
2563,2014-06-15 00:00:00,80,1,2,0,3,6
3518,2012-12-05 00:00:00,45,1,1,1,2,9
5823,2014-03-08 00:00:00,63,2,1,0,4,5
3934,2013-08-02 00:00:00,34,2,7,1,8,5
6982,2013-03-19 00:00:00,14,1,4,10,9,2
6431,2013-02-23 00:00:00,13,2,2,0,3,7
9733,2012-09-09 00:00:00,52,1,1,1,2,6
5602,2013-05-17 00:00:00,98,1,8,7,12,3
7829,2013-09-26 00:00:00,99,1,2,1,2,5
1324,2013-05-30 00:00:00,93,2,3,0,3,8
326,2013-02-18 00:00:00,38,4,5,1,6,6
7224,2013-12-29 00:00:00,24,2,1,1,2,8
6999,2014-05-13 00:00:00,80,1,7,3,12,3
9938,2013-09-19 00:00:00,82,1,4,6,6,2
6422,2013-01-17 00:00:00,20,1,5,6,5,2
3182,2014-03-31 00:00:00,81,6,5,1,3,8
7300,2014-06-29 00:00:00,50,3,8,1,7,5
10424,2013-12-09 00:00:00,60,1,4,4,9,1
8727,2013-10-14 00:00:00,63,3,11,6,9,6
2798,2012-11-02 00:00:00,54,0,7,9,10,4
1030,2013-07-17 00:00:00,72,2,1,0,3,7
624,2012-11-10 00:00:00,5,1,0,1,2,6
5176,2013-12-08 00:00:00,88,1,1,0,3,9
5552,2013-05-13 00:00:00,50,6,4,2,5,6
868,2014-06-08 00:00:00,99,1,2,0,3,6
380,2012-09-10 00:00:00,17,5,11,4,9,8
2677,2013-03-31 00:00:00,11,5,3,1,6,4
6521,2014-03-18 00:00:00,18,1,4,6,9,1
6927,2012-10-05 00:00:00,70,8,5,1,5,8
2877,2013-01-21 00:00:00,21,10,7,1,8,7
0,2013-05-04 00:00:00,66,1,3,4,9,1
1584,2014-04-01 00:00:00,79,6,8,1,5,8
7264,2014-05-12 00:00:00,2,1,1,0,2,8
6274,2013-11-15 00:00:00,81,1,8,10,6,3
1377,2013-08-31 00:00:00,24,2,4,1,5,7
454,2012-11-14 00:00:00,48,2,11,4,11,6
1755,2014-04-11 00:00:00,93,1,1,1,4,3
2075,2013-11-14 00:00:00,56,1,3,5,7,1
4785,2014-04-14 00:00:00,3,2,6,3,11,3
9076,2013-01-05 00:00:00,44,4,4,1,4,8
7079,2012-09-08 00:00:00,38,5,9,6,12,6
4653,2013-03-26 00:00:00,46,4,3,1,4,8
7375,2012-10-25 00:00:00,84,2,8,2,4,8
709,2012-12-09 00:00:00,27,3,2,2,11,8
460,2012-08-08 00:00:00,72,1,3,5,8,2
3726,2014-02-16 00:00:00,66,1,1,0,2,8
6798,2013-03-20 00:00:00,30,9,5,1,8,7
5341,2013-01-05 00:00:00,2,1,6,3,4,7
1606,2013-05-15 00:00:00,65,1,1,0,2,8
9617,2014-04-16 00:00:00,37,1,1,0,3,3
3233,2013-03-23 00:00:00,89,3,7,8,11,5
89,2013-12-09 00:00:00,49,2,2,0,4,6
2936,2013-12-04 00:00:00,46,1,1,0,3,7
9449,2013-10-04 00:00:00,32,1,5,2,11,3
7297,2013-12-26 00:00:00,54,4,3,1,3,7
11004,2014-05-17 00:00:00,23,1,1,0,2,4
313,2013-10-28 00:00:00,98,1,6,5,10,3
9940,2012-12-23 00:00:00,97,2,6,4,4,3
10735,2013-07-31 00:00:00,75,1,2,0,2,9
9529,2013-11-28 00:00:00,8,1,3,9,9,2
6439,2012-08-17 00:00:00,37,7,11,5,8,7
7411,2014-06-05 00:00:00,31,2,1,0,3,6
2176,2013-05-20 00:00:00,40,2,5,3,6,6
9265,2013-01-09 00:00:00,74,2,9,4,6,5
8867,2012-08-31 00:00:00,90,1,4,10,5,3
8932,2012-10-29 00:00:00,57,4,9,6,6,6
10236,2013-09-16 00:00:00,59,2,2,0,3,8
6340,2013-10-27 00:00:00,52,2,1,0,3,6
10089,2013-04-05 00:00:00,5,1,6,9,13,2
2227,2012-09-22 00:00:00,92,2,3,1,5,6
10992,2012-08-29 00:00:00,77,5,4,6,11,8
5304,2012-10-13 00:00:00,35,2,1,0,3,6
309,2012-10-16 00:00:00,48,3,8,3,5,6
3406,2012-10-22 00:00:00,97,4,3,2,7,3
2661,2013-06-04 00:00:00,95,4,2,0,4,5
3153,2013-12-08 00:00:00,24,1,1,0,2,8
10264,2012-10-10 00:00:00,60,2,1,1,2,7
1184,2013-05-22 00:00:00,46,3,10,2,10,5
4200,2014-06-17 00:00:00,85,4,4,1,6,5
9396,2012-11-23 00:00:00,31,1,1,0,2,9
2387,2013-02-03 00:00:00,9,6,5,2,4,8
6690,2013-03-14 00:00:00,30,4,3,1,3,7
1225,2014-06-26 00:00:00,47,1,3,7,8,1
9703,2012-10-15 00:00:00,70,4,3,2,2,7
291,2013-06-19 00:00:00,13,1,3,3,6,1
4557,2013-10-04 00:00:00,11,2,2,2,2,6
2379,2012-09-22 00:00:00,31,2,3,4,5,7
5726,2014-03-20 00:00:00,15,3,3,0,4,5
3066,2014-02-04 00:00:00,2,2,4,2,4,5
6336,2014-04-06 00:00:00,55,4,2,0,4,6
10967,2013-02-06 00:00:00,38,3,2,0,4,7
2304,2013-09-16 00:00:00,86,2,6,3,12,4
3445,2013-01-17 00:00:00,56,2,7,4,10,5
7828,2014-04-30 00:00:00,29,1,3,3,5,1
3762,2013-04-02 00:00:00,30,1,3,5,8,1
4391,2013-04-21 00:00:00,64,1,9,3,9,6
4669,2013-02-11 00:00:00,46,3,3,0,4,7
10144,2012-10-25 00:00:00,84,2,8,2,4,8
8652,2012-08-31 00:00:00,20,2,4,1,6,7
1672,2014-03-01 00:00:00,74,1,5,1,8,2
8962,2014-04-17 00:00:00,18,2,2,0,3,5
9974,2013-07-12 00:00:00,75,1,3,1,2,7
10983,2013-01-29 00:00:00,17,1,6,3,13,3
8148,2013-01-08 00:00:00,88,13,6,2,12,5
10102,2014-05-12 00:00:00,19,1,5,11,5,3
4697,2013-06-13 00:00:00,62,3,7,1,5,8
9262,2013-07-04 00:00:00,11,1,1,0,3,7
7254,2013-12-27 00:00:00,74,3,3,1,3,7
4543,2012-10-31 00:00:00,32,1,2,7,9,4
4927,2014-01-15 00:00:00,76,3,3,0,3,9
10451,2013-03-12 00:00:00,6,1,0,0,3,6
2926,2012-08-23 00:00:00,62,3,3,6,11,8
2874,2013-03-07 00:00:00,20,1,1,0,3,7
9738,2013-01-13 00:00:00,43,1,3,0,3,8
7119,2013-01-12 00:00:00,45,1,2,3,6,1
3924,2014-03-17 00:00:00,34,5,8,3,12,5
5827,2014-04-16 00:00:00,53,4,3,1,3,5
5596,2013-10-12 00:00:00,44,1,9,2,9,6
10812,2014-03-01 00:00:00,89,1,2,1,3,4
1717,2014-04-13 00:00:00,43,3,5,1,4,8
9491,2013-12-27 00:00:00,68,3,3,1,3,7
9274,2013-03-28 00:00:00,44,1,6,7,9,2
6609,2012-09-18 00:00:00,64,1,3,0,3,9
6963,2014-03-05 00:00:00,85,1,2,5,10,1
4440,2013-09-10 00:00:00,93,1,8,3,6,7
1379,2013-04-27 00:00:00,12,1,4,2,4,4
10032,2014-01-18 00:00:00,86,4,3,1,3,6
2826,2013-10-28 00:00:00,28,2,2,0,3,7
6320,2013-02-06 00:00:00,42,1,6,6,10,3
3050,2013-12-17 00:00:00,13,6,3,1,6,4
231,2014-03-11 00:00:00,86,2,2,0,3,5
2392,2013-07-29 00:00:00,59,2,3,0,3,7
9478,2012-08-14 00:00:00,30,2,4,3,6,3
113,2013-07-16 00:00:00,33,2,1,0,3,5
1802,2013-01-17 00:00:00,23,3,3,3,12,2
520,2013-07-01 00:00:00,81,1,1,0,2,7
8275,2014-02-09 00:00:00,6,1,1,0,2,7
9750,2013-02-07 00:00:00,41,5,10,3,5,7
2607,2013-01-11 00:00:00,78,6,8,2,8,8
7214,2013-07-05 00:00:00,49,1,4,8,5,3
5835,2013-07-02 00:00:00,39,3,2,0,4,8
3896,2013-11-07 00:00:00,3,1,1,0,3,7
10350,2013-05-09 00:00:00,37,1,1,0,3,4
7786,2013-02-13 00:00:00,22,4,3,1,4,8
2861,2013-04-16 00:00:00,79,1,1,0,2,8
663,2013-09-11 00:00:00,46,1,1,1,3,4
10675,2013-04-03 00:00:00,82,2,9,3,5,5
2521,2013-01-10 00:00:00,10,1,1,1,2,7
9592,2013-06-30 00:00:00,51,2,2,0,3,8
10151,2012-09-12 00:00:00,38,1,4,5,12,3
7381,2012-12-06 00:00:00,10,1,11,4,6,4
4099,2012-11-12 00:00:00,14,1,1,0,3,8
9560,2013-03-03 00:00:00,18,1,7,6,8,3
1150,2013-09-26 00:00:00,36,1,4,6,4,1
10172,2012-08-10 00:00:00,95,1,4,5,11,3
11191,2013-12-07 00:00:00,11,1,2,1,4,6
9707,2012-11-23 00:00:00,65,3,4,2,11,8
6245,2013-06-13 00:00:00,71,2,3,5,8,3
8234,2013-08-15 00:00:00,13,1,1,0,2,8
1411,2013-11-10 00:00:00,58,1,2,9,4,1
8553,2013-06-23 00:00:00,65,2,1,0,3,6
1826,2014-06-16 00:00:00,0,1,4,4,6,1
8842,2012-12-25 00:00:00,33,3,2,0,3,7
11030,2014-01-03 00:00:00,90,1,1,0,2,6
2579,2013-12-17 00:00:00,95,4,6,7,9,4
175,2013-01-10 00:00:00,93,2,8,4,8,4
9185,2013-10-28 00:00:00,38,3,4,6,5,3
11056,2012-10-27 00:00:00,18,1,3,4,10,1
9365,2012-12-22 00:00:00,57,5,11,3,5,6
6201,2013-11-29 00:00:00,45,2,2,0,3,7
2061,2013-05-11 00:00:00,61,1,2,0,4,6
6184,2012-12-12 00:00:00,6,1,3,3,8,1
6142,2013-08-20 00:00:00,65,1,5,3,5,2
4107,2013-10-08 00:00:00,52,2,4,6,4,5
7274,2012-09-28 00:00:00,87,1,4,7,10,2
9336,2014-03-22 00:00:00,38,3,6,2,10,4
2958,2014-02-24 00:00:00,53,3,2,1,4,4
933,2012-11-23 00:00:00,31,1,1,0,2,9
5837,2012-12-28 00:00:00,67,7,6,3,6,7
10704,2012-08-21 00:00:00,65,2,6,2,9,4
5125,2013-05-17 00:00:00,64,1,4,10,11,2
4432,2013-03-16 00:00:00,82,2,2,0,3,7
5955,2012-11-17 00:00:00,27,1,4,3,8,3
2928,2012-12-01 00:00:00,63,2,2,4,8,8
5680,2014-04-22 00:00:00,66,1,1,0,3,6
10313,2012-10-28 00:00:00,69,6,5,1,4,8
2557,2013-08-29 00:00:00,52,1,1,1,2,4
1245,2012-11-11 00:00:00,45,4,4,3,12,8
1519,2013-06-22 00:00:00,2,3,3,0,3,8
10703,2012-08-18 00:00:00,86,4,3,2,2,8
1726,2013-03-18 00:00:00,23,1,1,1,2,9
4459,2012-12-30 00:00:00,13,1,1,0,3,8
1729,2013-10-02 00:00:00,14,2,3,5,10,6
1517,2013-06-14 00:00:00,92,1,1,0,3,7
2098,2013-01-08 00:00:00,38,1,1,0,2,8
9543,2013-11-14 00:00:00,74,1,0,0,3,7
6878,2012-12-12 00:00:00,14,3,4,1,6,7
3310,2012-08-22 00:00:00,94,7,4,1,4,8
2724,2014-03-30 00:00:00,33,1,0,1,2,3
948,2013-05-15 00:00:00,32,3,1,2,2,5
6720,2013-10-16 00:00:00,11,3,7,3,4,7
6202,2012-10-05 00:00:00,78,4,4,5,13,2
2066,2012-08-30 00:00:00,56,1,2,1,3,6
9799,2013-05-08 00:00:00,57,3,2,2,12,5
8318,2014-01-03 00:00:00,7,0,5,6,8,1
5642,2013-12-09 00:00:00,0,2,3,1,6,4
2669,2014-05-04 00:00:00,66,1,5,4,6,2
455,2013-04-18 00:00:00,86,1,4,1,4,6
7683,2014-02-25 00:00:00,80,3,5,3,12,3
3428,2013-10-06 00:00:00,56,1,4,9,10,2
7414,2012-09-15 00:00:00,18,4,3,1,4,8
6354,2012-08-31 00:00:00,51,2,1,1,2,8
798,2012-12-24 00:00:00,71,1,1,0,3,7
8213,2012-11-09 00:00:00,71,4,2,2,3,7
2488,2013-03-23 00:00:00,80,4,2,1,3,6
9999,2012-09-27 00:00:00,2,1,9,4,9,5
7617,2013-08-15 00:00:00,83,5,2,1,5,5
615,2013-03-11 00:00:00,29,1,5,1,4,7
2552,2013-10-22 00:00:00,11,9,6,3,6,7
194,2014-06-09 00:00:00,55,1,1,0,3,6
3645,2012-08-30 00:00:00,19,3,2,0,4,8
8890,2014-05-30 00:00:00,1,3,5,1,5,6
5049,2013-06-06 00:00:00,19,1,3,0,2,9
9973,2012-10-17 00:00:00,28,3,7,1,8,7
7301,2012-11-17 00:00:00,76,2,3,0,3,8
10882,2012-11-09 00:00:00,50,4,4,3,6,4
7030,2013-03-30 00:00:00,1,3,11,9,12,6
7422,2012-08-22 00:00:00,90,3,5,1,7,7
3523,2013-01-23 00:00:00,83,2,5,4,8,3
7106,2014-03-31 00:00:00,73,1,3,5,10,1
6504,2013-11-20 00:00:00,24,3,2,1,3,5
5067,2014-02-14 00:00:00,11,1,2,7,11,5
4216,2013-02-22 00:00:00,33,1,7,9,9,3
8581,2013-03-05 00:00:00,4,9,10,2,8,8
5929,2014-05-06 00:00:00,14,2,2,0,3,7
3129,2014-05-22 00:00:00,30,1,2,0,3,6
6528,2014-06-05 00:00:00,75,1,1,0,2,8
1361,2013-06-04 00:00:00,26,1,3,4,8,1
6932,2013-04-13 00:00:00,77,0,7,10,5,2
7284,2013-12-04 00:00:00,8,1,1,0,2,8
1340,2014-04-24 00:00:00,42,1,6,7,13,1
8746,2014-04-05 00:00:00,28,2,2,5,10,6
5987,2014-05-04 00:00:00,52,2,1,0,4,5
3767,2013-04-25 00:00:00,1,2,5,5,12,3
3725,2013-05-09 00:00:00,1,1,2,4,9,4
4324,2012-10-29 00:00:00,42,5,8,1,7,8
238,2013-01-23 00:00:00,76,15,9,6,9,7
6694,2013-11-25 00:00:00,27,1,8,3,13,4
498,2014-02-02 00:00:00,28,2,1,0,4,5
9347,2013-06-21 00:00:00,49,1,1,0,3,5
9699,2013-12-21 00:00:00,12,3,6,2,12,5
10664,2013-09-07 00:00:00,14,2,9,1,5,8
5455,2013-08-22 00:00:00,89,3,2,1,4,7
456,2013-02-07 00:00:00,96,2,2,0,3,8
5012,2013-07-04 00:00:00,56,1,1,0,3,8
7495,2013-12-20 00:00:00,72,2,2,1,5,4
5029,2013-08-06 00:00:00,14,1,0,0,3,5
10642,2012-12-30 00:00:00,13,1,1,0,3,8
2106,2014-03-17 00:00:00,99,1,1,0,3,8
10364,2013-07-13 00:00:00,72,1,1,0,2,8
5954,2013-10-09 00:00:00,92,2,5,0,4,8
1137,2013-12-29 00:00:00,87,1,4,5,7,1
2541,2013-06-09 00:00:00,7,2,2,0,3,8
1142,2013-12-22 00:00:00,91,2,3,2,9,3
2276,2013-05-02 00:00:00,71,5,4,7,11,3
2807,2013-02-16 00:00:00,24,3,8,9,7,7
6471,2013-10-17 00:00:00,17,1,2,0,4,5
6131,2013-12-01 00:00:00,87,2,4,2,8,3
6233,2012-09-07 00:00:00,21,3,9,5,10,7
4148,2012-08-20 00:00:00,90,7,5,1,6,8
4947,2012-09-15 00:00:00,44,1,7,7,9,4
3225,2013-04-01 00:00:00,71,4,4,1,5,6
7540,2014-05-25 00:00:00,52,2,2,1,8,2
10648,2012-09-25 00:00:00,78,1,5,7,6,3
1992,2014-01-01 00:00:00,2,4,2,2,8,7
7851,2013-09-22 00:00:00,60,1,3,7,11,1
8594,2014-01-28 00:00:00,25,2,3,1,3,6
7059,2014-06-26 00:00:00,47,1,3,7,8,1
2815,2014-02-24 00:00:00,46,2,4,0,3,7
2416,2014-03-03 00:00:00,83,1,2,8,9,1
7999,2013-04-23 00:00:00,17,1,5,6,5,2
9213,2012-10-31 00:00:00,13,1,1,0,2,8
9697,2014-03-06 00:00:00,86,3,7,2,8,6
3916,2012-08-15 00:00:00,92,3,7,3,12,7
2021,2013-03-27 00:00:00,47,4,6,10,13,4
1581,2013-10-10 00:00:00,18,1,1,0,2,8
564,2012-08-04 00:00:00,81,7,8,6,9,6
6619,2013-01-02 00:00:00,91,2,1,0,3,7
9081,2014-05-18 00:00:00,58,1,1,1,2,5
178,2013-02-18 00:00:00,40,4,8,3,11,5
916,2014-05-09 00:00:00,67,2,1,0,3,3
5512,2014-05-23 00:00:00,19,1,7,1,8,5
8970,2012-10-23 00:00:00,93,4,6,2,7,5
10581,2012-10-31 00:00:00,41,7,7,3,4,8
5300,2013-12-30 00:00:00,60,1,2,1,2,7
5154,2013-08-11 00:00:00,54,1,2,0,3,6
8346,2012-08-19 00:00:00,26,2,6,2,2,9
1676,2013-10-30 00:00:00,30,4,4,2,5,5
9286,2012-10-10 00:00:00,93,1,5,9,4,3
2426,2012-09-14 00:00:00,35,1,5,10,13,3
5172,2013-11-14 00:00:00,4,2,3,5,7,7
5562,2013-06-26 00:00:00,92,2,7,2,10,6
3436,2014-01-26 00:00:00,24,1,1,0,3,7
3921,2012-10-28 00:00:00,96,1,4,1,4,8
3403,2012-09-24 00:00:00,11,2,2,5,12,6
22,2012-12-03 00:00:00,99,2,6,1,5,8
10965,2013-02-22 00:00:00,72,1,3,5,13,6
9426,2013-01-12 00:00:00,77,4,2,6,3,8
6605,2013-11-27 00:00:00,85,1,9,4,6,7
3136,2013-04-13 00:00:00,88,3,5,3,11,5
8737,2014-04-05 00:00:00,22,1,2,0,3,3
11088,2013-04-21 00:00:00,83,1,4,9,4,6
716,2014-05-22 00:00:00,63,3,6,7,11,3
466,2013-04-03 00:00:00,9,1,4,3,13,2
9135,2012-08-06 00:00:00,92,2,1,1,2,8
10623,2013-11-15 00:00:00,2,1,1,0,3,5
8151,2012-12-29 00:00:00,6,1,4,1,3,8
5140,2012-08-24 00:00:00,66,2,4,3,12,8
10160,2013-06-21 00:00:00,49,1,1,0,3,5
4945,2012-11-07 00:00:00,29,2,10,4,12,6
10584,2013-12-02 00:00:00,77,1,5,10,8,3
6071,2013-07-19 00:00:00,77,1,3,7,11,1
3386,2013-06-21 00:00:00,71,1,2,1,4,7
8939,2012-12-16 00:00:00,49,6,5,2,12,5
9925,2013-05-25 00:00:00,97,3,4,2,3,7
4320,2013-03-28 00:00:00,6,1,6,4,12,3
5389,2013-10-20 00:00:00,93,3,6,2,5,7
6036,2014-03-17 00:00:00,78,1,5,6,7,1
182,2013-05-11 00:00:00,62,4,6,2,5,8
203,2013-04-14 00:00:00,47,1,5,7,9,2
11025,2013-02-03 00:00:00,9,4,3,1,3,8
10203,2013-06-30 00:00:00,77,1,1,0,3,7
4607,2013-08-23 00:00:00,24,1,4,5,7,2
3711,2014-03-01 00:00:00,19,1,6,3,10,3
3696,2014-01-27 00:00:00,67,2,2,0,3,7
2532,2014-03-01 00:00:00,95,1,2,4,6,5
9214,2013-08-16 00:00:00,48,1,5,1,6,5
4943,2012-09-30 00:00:00,73,1,2,4,9,6
35,2012-09-08 00:00:00,35,3,2,2,3,6
2258,2012-12-04 00:00:00,76,1,1,0,3,8
4322,2013-11-27 00:00:00,20,1,4,5,10,2
713,2014-06-08 00:00:00,72,1,4,4,6,3
4702,2012-08-12 00:00:00,20,1,4,8,4,8
3281,2013-11-03 00:00:00,69,6,4,1,8,6
702,2013-02-15 00:00:00,80,4,4,3,8,5
2004,2013-09-18 00:00:00,65,1,4,7,5,1
4769,2014-06-18 00:00:00,52,7,8,2,6,7
4437,2013-04-24 00:00:00,65,2,3,2,5,4
8724,2013-06-17 00:00:00,57,2,2,0,3,6
10741,2013-04-11 00:00:00,70,4,6,1,5,7
1991,2014-01-18 00:00:00,0,1,2,1,3,5
6931,2014-02-15 00:00:00,19,1,8,3,4,4
11096,2013-08-08 00:00:00,50,2,2,1,7,2
304,2013-12-23 00:00:00,67,3,3,0,3,7
3665,2013-11-07 00:00:00,46,3,3,0,3,8
10591,2012-08-06 00:00:00,37,2,4,1,4,7
5036,2012-11-28 00:00:00,38,2,4,5,3,6
5547,2013-08-07 00:00:00,9,1,7,6,6,3
7822,2013-06-04 00:00:00,56,2,4,6,8,3
8541,2014-03-08 00:00:00,98,2,2,0,4,5
10955,2014-01-07 00:00:00,68,1,3,6,4,1
4368,2013-12-03 00:00:00,72,1,3,0,4,6
9671,2014-01-26 00:00:00,47,4,3,1,2,8
2256,2014-03-29 00:00:00,33,2,1,0,3,6
4279,2014-03-31 00:00:00,87,2,1,1,3,3
5371,2014-04-08 00:00:00,0,2,3,1,2,7
9240,2014-02-07 00:00:00,73,2,6,2,8,6
9460,2013-04-18 00:00:00,74,1,3,2,2,8
9504,2013-11-06 00:00:00,4,1,3,8,13,1
8692,2012-09-12 00:00:00,50,6,4,1,5,8
448,2013-03-01 00:00:00,57,2,6,2,11,5
8314,2013-04-05 00:00:00,30,1,5,6,7,2
8420,2013-08-03 00:00:00,27,2,2,0,4,5
3174,2013-05-22 00:00:00,61,1,5,10,4,6
7685,2013-09-09 00:00:00,4,1,2,0,4,5
3179,2013-06-16 00:00:00,75,0,6,6,7,2
9780,2013-06-25 00:00:00,12,2,8,3,13,4
10681,2014-01-15 00:00:00,13,5,6,3,12,4
10232,2013-11-05 00:00:00,9,3,3,2,7,3
4184,2014-06-07 00:00:00,48,2,3,2,5,4
9120,2012-12-05 00:00:00,80,4,4,2,9,8
891,2013-09-07 00:00:00,60,1,1,0,2,5
10381,2013-07-05 00:00:00,43,1,1,0,2,6
3525,2012-12-07 00:00:00,19,1,1,0,2,7
6818,2012-09-12 00:00:00,26,5,5,1,5,6
3526,2014-01-27 00:00:00,58,2,1,0,3,7
8181,2013-09-13 00:00:00,42,3,4,1,3,8
1029,2013-08-01 00:00:00,27,1,5,1,5,5
7369,2013-10-02 00:00:00,56,2,2,0,3,8
2574,2013-01-31 00:00:00,27,3,6,4,8,5
8159,2014-04-01 00:00:00,10,3,4,1,3,7
1160,2013-08-23 00:00:00,48,4,3,0,3,8
10242,2013-09-16 00:00:00,39,2,2,0,4,5
5253,2013-07-09 00:00:00,85,6,4,2,4,7
5966,2012-11-10 00:00:00,64,5,3,1,6,6
5314,2013-03-18 00:00:00,69,7,7,1,5,8
5081,2013-10-20 00:00:00,54,1,1,0,3,8
5123,2013-04-15 00:00:00,57,1,2,1,3,7
5756,2014-04-03 00:00:00,64,2,2,0,3,6
8036,2014-04-18 00:00:00,10,4,2,1,4,4
9058,2012-09-23 00:00:00,65,1,5,11,5,3
5057,2013-09-14 00:00:00,74,2,4,4,10,2
254,2014-05-17 00:00:00,4,3,7,1,7,7
4179,2013-08-20 00:00:00,94,1,1,1,3,4
3710,2012-10-12 00:00:00,41,2,2,1,2,7
7627,2012-12-12 00:00:00,25,0,5,11,5,2
4501,2013-11-10 00:00:00,94,1,3,7,9,1
6424,2014-01-30 00:00:00,9,1,1,0,3,4
3075,2013-09-11 00:00:00,47,1,3,4,7,1
4992,2013-09-19 00:00:00,12,3,3,1,2,7
5252,2012-10-26 00:00:00,80,1,2,0,3,7
7444,2013-10-19 00:00:00,20,2,1,0,3,8
6919,2013-06-04 00:00:00,39,3,2,1,3,6
3537,2012-08-17 00:00:00,57,3,3,0,4,8
10277,2013-02-21 00:00:00,27,1,1,0,3,7
2453,2012-08-31 00:00:00,83,3,5,3,12,5
7972,2013-09-17 00:00:00,79,1,3,4,9,1
895,2012-12-09 00:00:00,69,3,5,2,10,5
1177,2013-01-26 00:00:00,77,4,3,1,3,7
7141,2012-12-29 00:00:00,15,4,5,1,2,10
7232,2014-02-11 00:00:00,99,2,1,1,3,5
8477,2013-03-11 00:00:00,61,1,1,0,3,7
2457,2012-10-26 00:00:00,23,2,1,0,3,7
988,2014-05-07 00:00:00,84,1,6,4,7,3
7930,2013-08-19 00:00:00,74,2,3,1,6,6
4587,2013-07-18 00:00:00,90,1,3,1,7,3
6682,2012-12-11 00:00:00,41,1,1,0,3,8
6222,2013-10-28 00:00:00,28,2,2,0,3,7
10299,2012-11-09 00:00:00,73,3,6,3,13,5
3083,2013-07-26 00:00:00,88,5,6,2,5,7
8953,2013-05-06 00:00:00,94,2,1,0,3,8
1503,2013-06-03 00:00:00,31,0,0,0,1,1
8650,2013-03-18 00:00:00,31,1,1,0,3,4
10862,2012-08-17 00:00:00,6,5,1,2,9,2
2782,2013-07-11 00:00:00,23,3,6,1,7,6
6941,2013-07-14 00:00:00,92,1,2,1,2,7
10972,2014-03-10 00:00:00,52,1,4,3,6,1
10708,2013-12-28 00:00:00,50,1,1,0,3,7
6583,2013-06-03 00:00:00,54,1,6,8,6,3
3641,2013-01-20 00:00:00,93,2,2,0,3,6
10156,2013-06-03 00:00:00,56,1,8,4,7,3
4299,2012-09-21 00:00:00,28,7,11,11,5,7
3469,2012-09-06 00:00:00,94,3,3,0,3,9
5063,2012-12-18 00:00:00,76,3,4,1,4,9
10727,2013-11-19 00:00:00,43,2,7,3,13,8
9624,2014-06-13 00:00:00,46,1,3,4,6,1
5156,2014-01-15 00:00:00,13,5,6,3,12,4
4376,2014-02-15 00:00:00,27,1,2,1,3,7
8923,2013-04-18 00:00:00,12,1,6,7,7,3
8461,2014-03-10 00:00:00,3,1,1,0,2,7
6945,2013-06-04 00:00:00,72,1,9,11,11,5
944,2013-01-08 00:00:00,6,1,4,2,7,4
1907,2012-09-28 00:00:00,53,5,8,4,9,7
701,2013-11-06 00:00:00,58,2,6,2,8,2
3856,2012-10-05 00:00:00,78,4,4,5,13,2
4149,2014-05-13 00:00:00,57,1,5,9,6,2
2131,2012-12-30 00:00:00,37,4,9,4,6,6
2942,2013-05-07 00:00:00,20,2,5,4,4,5
1173,2013-03-10 00:00:00,73,1,4,2,6,2
4381,2013-08-18 00:00:00,56,7,3,1,6,6
4611,2013-01-21 00:00:00,36,0,9,8,13,3
3376,2013-12-13 00:00:00,9,1,3,1,6,4
4679,2014-05-23 00:00:00,42,3,7,6,12,4
10928,2013-09-16 00:00:00,28,2,7,1,7,5
4248,2014-02-17 00:00:00,23,0,4,6,9,1
6728,2012-08-27 00:00:00,38,2,1,0,3,9
6661,2012-08-12 00:00:00,63,5,9,6,12,6
4725,2014-04-13 00:00:00,71,1,1,1,4,2
3277,2012-08-03 00:00:00,9,2,7,1,5,8
5555,2014-02-07 00:00:00,81,0,0,0,0,0
2564,2014-01-04 00:00:00,87,2,3,1,4,6
946,2012-09-22 00:00:00,92,2,3,1,5,6
3867,2013-08-31 00:00:00,36,1,9,3,13,4
6940,2013-10-21 00:00:00,86,4,3,2,3,6
55,2012-12-07 00:00:00,83,4,7,2,9,6
7093,2013-11-14 00:00:00,74,1,0,0,3,7
5084,2013-12-25 00:00:00,87,1,6,4,13,4
1777,2012-09-07 00:00:00,29,1,2,0,3,8
8162,2013-01-01 00:00:00,88,1,1,0,3,6
10826,2012-12-28 00:00:00,77,1,1,1,2,8
8754,2013-05-16 00:00:00,25,1,1,0,2,7
1987,2013-09-25 00:00:00,34,2,2,0,3,6
11007,2013-05-09 00:00:00,43,1,1,0,3,8
7426,2013-11-07 00:00:00,76,3,3,1,5,3
9153,2013-07-29 00:00:00,81,3,7,8,10,5
10379,2013-11-08 00:00:00,87,5,5,2,9,6
9204,2012-09-12 00:00:00,33,4,4,3,6,3
3197,2013-12-16 00:00:00,38,2,6,4,8,4
2920,2012-12-01 00:00:00,63,2,2,4,8,8
6961,2014-05-22 00:00:00,26,1,1,0,2,8
4673,2012-10-30 00:00:00,17,3,10,3,5,5
9937,2014-01-02 00:00:00,75,1,2,2,12,1
8779,2013-06-16 00:00:00,13,4,4,1,3,9
9596,2013-12-23 00:00:00,19,1,3,3,13,2
2891,2013-10-18 00:00:00,51,2,8,9,4,6
4910,2012-08-30 00:00:00,81,1,11,5,13,7
75,2013-07-25 00:00:00,32,1,8,1,5,8
10120,2013-10-24 00:00:00,84,2,3,1,6,5
6327,2013-12-19 00:00:00,87,1,2,8,6,1
10142,2013-03-07 00:00:00,99,2,5,2,11,4
9826,2012-09-12 00:00:00,96,1,5,6,10,2
1501,2012-08-04 00:00:00,21,15,0,28,1,0
10767,2014-05-16 00:00:00,40,1,3,5,12,1
7279,2013-09-30 00:00:00,3,1,4,6,4,2
7230,2012-10-04 00:00:00,98,6,4,5,7,6
143,2013-08-25 00:00:00,73,1,5,3,4,2
450,2013-07-12 00:00:00,90,3,1,4,4,3
9316,2013-11-02 00:00:00,29,1,1,0,3,6
6379,2013-05-29 00:00:00,3,3,2,2,2,7
9239,2013-07-26 00:00:00,94,1,2,1,4,3
8315,2014-03-26 00:00:00,65,1,1,0,2,6
2868,2013-04-08 00:00:00,33,3,2,0,3,8
10888,2013-11-03 00:00:00,46,2,8,4,6,6
1277,2014-04-09 00:00:00,29,1,10,7,10,4
9977,2013-09-17 00:00:00,99,3,9,3,5,4
10196,2014-03-12 00:00:00,26,2,8,2,8,4
6384,2014-02-11 00:00:00,30,3,5,2,11,8
8029,2014-04-29 00:00:00,27,1,3,4,7,1
968,2013-12-26 00:00:00,24,3,4,1,4,7
6988,2013-01-10 00:00:00,93,2,8,4,8,4
4472,2014-06-27 00:00:00,34,1,1,1,3,2
6991,2013-04-10 00:00:00,88,2,9,3,6,8
3336,2013-11-21 00:00:00,96,3,2,4,5,7
4301,2013-01-10 00:00:00,10,1,1,1,2,7
1940,2013-07-12 00:00:00,26,1,1,0,2,8
1272,2012-10-21 00:00:00,49,4,7,5,10,5
1388,2013-02-20 00:00:00,11,2,2,1,3,6
1044,2013-05-14 00:00:00,44,3,5,4,8,4
6969,2013-08-07 00:00:00,75,3,4,1,5,7
10479,2012-12-07 00:00:00,64,1,3,2,5,1
3619,2012-09-23 00:00:00,19,1,5,3,8,2
1715,2013-02-11 00:00:00,45,2,2,0,3,7
10159,2013-03-31 00:00:00,77,6,11,5,9,6
1463,2014-03-29 00:00:00,9,1,1,0,2,7
5114,2012-12-19 00:00:00,1,2,5,4,5,4
4990,2013-05-02 00:00:00,90,1,11,1,8,7
4329,2014-05-23 00:00:00,43,2,1,0,3,7
10936,2013-02-13 00:00:00,79,1,5,6,4,3
4692,2012-08-01 00:00:00,19,5,4,1,2,9
7212,2014-06-08 00:00:00,99,1,2,0,3,6
6086,2013-11-23 00:00:00,62,1,6,5,12,2
437,2014-01-25 00:00:00,41,1,3,8,11,1
11171,2013-10-11 00:00:00,60,7,6,3,5,7
11101,2013-04-15 00:00:00,17,1,11,6,8,4
5329,2013-09-27 00:00:00,24,1,0,0,3,5
610,2012-08-07 00:00:00,60,8,7,2,6,8
9384,2013-06-12 00:00:00,57,7,4,2,10,3
5956,2013-10-16 00:00:00,74,5,6,1,4,8
10430,2013-10-09 00:00:00,22,3,4,3,4,5
7875,2014-04-29 00:00:00,46,1,4,8,13,2
7072,2013-03-29 00:00:00,69,2,8,5,4,4
6255,2014-06-03 00:00:00,29,1,4,1,7,2
6516,2013-03-18 00:00:00,37,1,1,0,2,7
5564,2012-08-09 00:00:00,26,2,7,5,6,4
5682,2013-03-23 00:00:00,8,4,6,9,11,5
7458,2013-03-06 00:00:00,26,2,3,0,3,8
5237,2014-01-01 00:00:00,79,3,2,1,3,5
7761,2013-08-01 00:00:00,71,2,3,0,4,6
5278,2014-01-25 00:00:00,83,1,6,9,5,3
3560,2013-05-12 00:00:00,57,1,4,4,11,1
7235,2013-12-09 00:00:00,37,3,2,0,4,5
10548,2014-03-09 00:00:00,30,1,3,8,12,1
2281,2013-09-15 00:00:00,34,1,1,0,2,7
4073,2014-01-29 00:00:00,0,1,10,10,7,6
6974,2013-12-31 00:00:00,89,1,6,10,5,2
7938,2013-10-03 00:00:00,92,2,3,2,10,3
7094,2013-12-25 00:00:00,87,1,6,4,13,4
3667,2013-02-28 00:00:00,20,1,8,5,11,8
7723,2014-05-02 00:00:00,56,1,8,6,6,3
3870,2013-02-09 00:00:00,28,1,7,3,13,4
4012,2012-08-11 00:00:00,55,5,7,6,5,6
5909,2013-09-19 00:00:00,25,5,3,4,8,8
10470,2013-03-15 00:00:00,0,2,2,1,3,4
6488,2014-04-06 00:00:00,86,1,3,2,2,5
10270,2013-10-03 00:00:00,8,2,3,0,3,7
6887,2014-04-24 00:00:00,33,2,8,1,8,6
6406,2013-10-28 00:00:00,13,1,6,4,10,3
7573,2013-05-10 00:00:00,12,1,2,1,2,7
4508,2014-05-22 00:00:00,92,1,2,11,5,1
221,2013-04-27 00:00:00,90,3,3,2,4,6
5331,2012-09-11 00:00:00,8,1,3,6,7,2
1911,2012-09-05 00:00:00,6,1,11,5,12,6
20,2013-09-01 00:00:00,91,1,2,1,4,4
8786,2013-05-26 00:00:00,52,4,6,1,7,6
10582,2013-07-03 00:00:00,3,2,5,2,12,2
1915,2013-12-12 00:00:00,57,1,8,5,6,3
8897,2013-04-24 00:00:00,9,8,7,3,7,8
2371,2013-04-13 00:00:00,22,3,2,0,4,7
4303,2012-12-08 00:00:00,76,0,0,0,1,20
6825,2013-03-06 00:00:00,86,1,1,0,2,7
1072,2013-08-30 00:00:00,64,2,2,1,3,6
4964,2014-01-26 00:00:00,90,1,2,11,4,1
2461,2013-12-18 00:00:00,79,2,1,0,3,3
10736,2013-09-12 00:00:00,28,2,6,9,5,2
3194,2014-04-05 00:00:00,86,1,4,4,10,1
10839,2014-04-14 00:00:00,42,2,1,0,3,4
49,2014-05-11 00:00:00,39,1,1,1,2,7
4290,2014-03-19 00:00:00,8,1,1,0,2,7
10219,2013-06-18 00:00:00,40,1,1,0,3,8
4211,2012-10-29 00:00:00,5,2,2,0,3,7
1135,2014-02-15 00:00:00,96,5,3,0,4,7
6299,2013-01-02 00:00:00,28,6,6,8,4,7
10846,2014-05-29 00:00:00,22,6,7,1,8,7
347,2012-09-08 00:00:00,30,4,7,1,5,9
6543,2013-01-15 00:00:00,45,1,3,6,4,2
10446,2012-11-07 00:00:00,58,1,5,4,7,2
3479,2013-07-19 00:00:00,49,1,2,0,3,7
11075,2013-10-29 00:00:00,37,4,3,3,5,4
4442,2013-04-05 00:00:00,70,2,1,1,5,3
199,2013-01-20 00:00:00,33,1,4,1,7,7
6722,2014-06-28 00:00:00,98,3,10,3,7,6
796,2012-10-23 00:00:00,17,3,11,4,8,8
3749,2013-03-02 00:00:00,54,1,6,5,12,3
8523,2013-12-14 00:00:00,39,3,4,0,3,8
310,2013-12-13 00:00:00,81,4,4,4,9,4
8629,2013-03-26 00:00:00,71,1,1,0,3,5
236,2013-01-19 00:00:00,62,3,2,1,4,6
9930,2013-11-05 00:00:00,8,1,6,8,13,2
3483,2013-04-06 00:00:00,76,3,2,8,12,8
4599,2013-11-04 00:00:00,66,6,7,1,7,7
7326,2014-03-23 00:00:00,83,1,1,1,3,2
7352,2013-10-21 00:00:00,28,4,3,4,6,3
2350,2013-03-22 00:00:00,87,7,3,2,8,8
9145,2013-04-06 00:00:00,43,2,5,9,6,2
2964,2013-10-16 00:00:00,0,1,1,1,2,6
5585,2013-04-20 00:00:00,1,2,2,0,3,8
9687,2014-05-31 00:00:00,1,1,5,4,6,2
3732,2013-02-04 00:00:00,72,6,5,7,9,4
6303,2013-11-23 00:00:00,72,0,5,5,12,1
11176,2014-05-12 00:00:00,12,2,5,4,7,3
2986,2014-03-12 00:00:00,89,1,1,0,2,6
7462,2012-11-24 00:00:00,67,3,10,2,4,9
3900,2014-03-29 00:00:00,54,1,9,2,9,5
7034,2013-09-01 00:00:00,34,2,2,0,3,8
9493,2013-05-05 00:00:00,15,1,5,4,8,3
1143,2013-08-08 00:00:00,43,2,2,0,3,7
1,2014-06-15 00:00:00,0,1,7,3,7,5
3855,2013-04-18 00:00:00,74,1,3,2,2,8
5536,2013-05-22 00:00:00,61,1,5,10,4,6
5989,2013-04-16 00:00:00,51,1,10,2,11,8
9499,2013-05-07 00:00:00,97,3,3,4,7,5
6768,2013-01-12 00:00:00,75,2,1,0,3,8
2150,2013-05-11 00:00:00,83,1,8,9,4,4
6646,2014-03-01 00:00:00,23,1,1,0,3,6
4887,2013-11-22 00:00:00,65,1,2,0,3,5
8560,2012-09-10 00:00:00,94,1,6,4,7,6
3321,2013-05-05 00:00:00,42,3,7,3,7,5
11003,2013-10-02 00:00:00,10,2,2,0,3,7
10402,2013-02-14 00:00:00,94,2,1,0,3,8
9904,2013-03-29 00:00:00,50,5,6,5,12,3
6141,2013-04-25 00:00:00,46,2,6,1,5,7
5687,2012-09-23 00:00:00,98,1,7,7,12,3
10856,2013-07-02 00:00:00,42,1,1,0,3,6
5121,2014-03-21 00:00:00,30,2,7,6,5,5
4186,2013-08-05 00:00:00,11,3,2,1,3,5
368,2012-11-29 00:00:00,61,3,3,2,6,5
3312,2014-05-12 00:00:00,12,4,3,0,4,6
11121,2012-11-10 00:00:00,76,4,4,0,3,9
5332,2013-07-27 00:00:00,2,1,3,6,7,1
5848,2014-01-13 00:00:00,43,1,5,6,7,2
10343,2012-09-29 00:00:00,27,2,3,6,8,3
5935,2012-12-24 00:00:00,60,3,7,5,8,5
2895,2013-10-23 00:00:00,79,2,3,1,5,5
10262,2013-05-10 00:00:00,96,4,3,1,3,5
7848,2013-06-13 00:00:00,17,2,5,3,3,6
9477,2014-01-11 00:00:00,0,3,6,2,9,4
4856,2012-11-06 00:00:00,38,1,7,7,10,3
7186,2014-05-26 00:00:00,43,2,1,1,2,5
5794,2014-03-17 00:00:00,1,3,7,1,7,8
1456,2013-04-01 00:00:00,25,7,10,2,12,7
4877,2014-03-04 00:00:00,2,1,1,0,3,7
425,2013-02-19 00:00:00,66,3,6,2,11,5
3007,2012-10-04 00:00:00,49,2,1,0,3,8
1031,2013-05-05 00:00:00,5,1,6,9,10,2
4297,2014-01-26 00:00:00,71,2,2,0,3,8
807,2014-02-15 00:00:00,35,6,6,1,4,8
9553,2013-01-09 00:00:00,94,1,0,0,3,6
4271,2012-10-04 00:00:00,80,6,4,1,6,7
4120,2013-12-17 00:00:00,61,2,6,1,4,7
2036,2013-06-11 00:00:00,29,3,4,2,8,4
115,2013-03-26 00:00:00,0,3,5,1,8,5
4259,2013-09-24 00:00:00,80,1,1,0,2,7
8687,2013-05-06 00:00:00,54,3,2,3,8,3
2447,2012-10-17 00:00:00,71,2,2,0,3,7
10140,2013-09-28 00:00:00,27,1,5,7,4,3
9353,2014-01-06 00:00:00,61,2,5,5,4,3
3623,2014-06-11 00:00:00,55,3,4,0,3,7
738,2014-04-04 00:00:00,35,4,3,1,4,7
7631,2013-10-06 00:00:00,34,1,5,7,10,3
4789,2013-09-17 00:00:00,95,1,4,8,5,2
773,2013-06-30 00:00:00,64,7,6,6,4,6
10602,2013-02-14 00:00:00,30,2,3,0,4,8
1446,2014-04-05 00:00:00,12,1,6,9,12,1
3270,2013-01-17 00:00:00,96,4,3,1,3,9
8443,2014-02-10 00:00:00,16,3,3,1,2,8
9653,2012-10-16 00:00:00,16,2,2,0,3,8
8916,2013-07-23 00:00:00,78,1,0,0,3,5
8017,2014-06-19 00:00:00,83,2,2,0,3,6
5830,2012-09-12 00:00:00,96,1,5,6,10,2
4597,2013-07-02 00:00:00,67,1,3,2,13,1
7023,2012-11-26 00:00:00,87,4,6,1,4,9
8086,2013-12-11 00:00:00,34,2,2,0,3,7
8825,2013-04-01 00:00:00,46,8,9,2,5,8
2930,2013-12-16 00:00:00,7,2,2,6,10,5
1928,2013-02-09 00:00:00,73,2,2,0,3,9
7108,2012-09-08 00:00:00,54,6,5,2,5,5
10925,2014-01-14 00:00:00,93,1,3,10,11,1
9960,2014-04-30 00:00:00,52,1,1,0,2,7
8800,2013-02-01 00:00:00,53,2,7,10,5,6
9224,2012-12-12 00:00:00,81,2,8,10,5,6
5519,2013-08-07 00:00:00,8,1,6,9,4,5
5046,2014-01-23 00:00:00,97,2,10,6,7,4
7037,2013-08-11 00:00:00,50,3,4,2,8,6
905,2013-10-22 00:00:00,38,4,4,0,3,8
8624,2013-02-06 00:00:00,61,1,4,3,10,2
8945,2013-08-16 00:00:00,46,2,4,1,4,6
6445,2013-07-14 00:00:00,73,1,4,5,6,2
2727,2013-12-04 00:00:00,19,1,3,3,6,3
6404,2013-03-24 00:00:00,10,5,4,1,6,5
11074,2014-04-09 00:00:00,94,1,3,4,10,0
10150,2013-11-21 00:00:00,10,0,7,4,7,2
1968,2013-12-02 00:00:00,37,1,1,0,2,7
6534,2014-01-04 00:00:00,94,1,2,0,3,5
9485,2014-03-10 00:00:00,23,1,2,1,6,4
7053,2013-06-29 00:00:00,75,1,3,10,8,1
4654,2013-11-07 00:00:00,40,1,3,10,5,2
9760,2013-01-25 00:00:00,24,6,10,5,10,8
1048,2013-07-14 00:00:00,11,2,3,1,4,7
10619,2012-12-03 00:00:00,29,1,7,3,7,3
9308,2013-05-11 00:00:00,51,1,3,4,6,1
10505,2013-12-26 00:00:00,86,1,3,4,7,2
8362,2013-08-07 00:00:00,9,1,7,6,6,3
2625,2013-11-17 00:00:00,30,2,3,2,7,3
4637,2013-05-18 00:00:00,73,1,6,9,9,3
9972,2014-04-13 00:00:00,25,1,1,0,3,7
4483,2013-04-17 00:00:00,67,1,2,10,6,1
4487,2013-01-24 00:00:00,67,1,2,0,4,6
4988,2014-05-04 00:00:00,58,3,1,1,4,4
8931,2014-05-18 00:00:00,82,1,11,4,10,5
5871,2012-08-31 00:00:00,98,3,6,1,6,8
2008,2014-02-10 00:00:00,93,1,4,5,9,2
3139,2013-12-30 00:00:00,53,1,4,4,10,2
10037,2014-05-04 00:00:00,66,1,5,4,6,2
10673,2013-11-17 00:00:00,6,1,6,9,5,3
5303,2014-04-08 00:00:00,42,1,6,4,9,2
538,2014-02-10 00:00:00,78,1,1,1,4,3
7922,2012-08-12 00:00:00,29,2,11,2,10,7
5692,2012-12-22 00:00:00,82,1,1,0,3,8
4843,2014-05-22 00:00:00,92,1,2,11,5,1
6383,2014-05-25 00:00:00,78,2,3,0,3,8
1628,2013-10-24 00:00:00,54,1,9,3,4,4
1204,2013-05-22 00:00:00,45,3,11,5,11,8
3673,2013-07-14 00:00:00,59,3,7,5,11,5
760,2013-08-09 00:00:00,8,2,8,4,9,6
8957,2013-06-10 00:00:00,51,8,6,3,5,6
4128,2013-07-20 00:00:00,51,2,7,4,7,5
6810,2013-05-28 00:00:00,76,1,3,2,6,1
5386,2013-03-04 00:00:00,62,0,5,8,5,2
8700,2012-12-22 00:00:00,86,3,2,1,3,7
3202,2012-10-01 00:00:00,60,1,4,4,10,8
1328,2014-02-16 00:00:00,56,3,4,4,9,3
8405,2013-09-30 00:00:00,83,2,4,2,5,3
6515,2013-12-06 00:00:00,92,1,2,0,3,4
2882,2012-10-01 00:00:00,31,2,3,2,9,8
7574,2014-05-10 00:00:00,80,1,2,0,3,4
6387,2014-05-08 00:00:00,39,3,2,1,3,5
5320,2013-01-29 00:00:00,20,4,3,1,4,6
5048,2013-05-11 00:00:00,53,1,3,1,2,8
8146,2014-05-11 00:00:00,84,1,1,1,2,6
10031,2013-02-10 00:00:00,50,5,3,0,4,8
5748,2012-12-01 00:00:00,96,3,5,2,6,5
2134,2012-08-17 00:00:00,94,4,5,5,8,5
1523,2014-05-07 00:00:00,25,2,2,0,4,5
9665,2013-04-27 00:00:00,48,4,5,2,5,6
4640,2012-09-21 00:00:00,65,2,4,7,13,2
3635,2014-05-07 00:00:00,69,3,6,3,8,5
3547,2012-12-30 00:00:00,12,2,2,0,3,6
2456,2013-10-14 00:00:00,84,5,2,1,5,6
5633,2014-06-25 00:00:00,47,7,3,1,6,5
7801,2013-09-12 00:00:00,87,3,5,2,11,4
10489,2013-08-19 00:00:00,35,1,6,7,9,2
7011,2012-10-12 00:00:00,47,3,3,0,4,7
2620,2013-04-13 00:00:00,48,1,1,0,2,8
3933,2012-10-13 00:00:00,46,6,10,2,6,9
10981,2014-02-02 00:00:00,27,1,3,4,10,1
1734,2013-01-17 00:00:00,37,4,3,0,4,7
10995,2012-11-12 00:00:00,8,3,3,0,4,8
6357,2013-11-17 00:00:00,29,3,7,1,7,5
9209,2012-10-14 00:00:00,85,1,4,6,13,2
10286,2014-02-03 00:00:00,2,1,2,8,13,0
2611,2012-08-01 00:00:00,66,1,2,4,12,1
1600,2013-10-11 00:00:00,60,7,6,3,5,7
3308,2014-01-03 00:00:00,54,3,2,0,4,4
5407,2013-09-12 00:00:00,70,5,10,6,7,7
2166,2013-07-12 00:00:00,55,1,0,1,2,4
3955,2014-06-22 00:00:00,20,0,0,0,0,14
6634,2013-08-07 00:00:00,78,1,2,0,3,7
3056,2013-10-14 00:00:00,63,3,11,6,9,6
5718,2013-08-15 00:00:00,17,1,5,11,6,3
6872,2013-08-21 00:00:00,43,2,4,2,8,4
8164,2013-11-25 00:00:00,13,1,5,6,7,2
4580,2013-10-25 00:00:00,46,1,9,7,9,5
9305,2013-05-12 00:00:00,65,1,4,9,13,2
453,2014-06-29 00:00:00,1,2,2,0,3,5
8545,2014-03-21 00:00:00,6,1,2,4,10,1
9850,2012-11-29 00:00:00,32,1,0,0,3,7
7378,2012-08-31 00:00:00,34,5,10,1,6,9
7646,2014-02-18 00:00:00,70,4,5,3,12,4
1640,2014-06-22 00:00:00,49,2,1,1,4,3
5184,2014-03-26 00:00:00,65,1,1,0,2,6
8492,2013-11-09 00:00:00,25,1,8,4,10,6
11188,2014-02-25 00:00:00,84,3,2,1,3,5
1212,2013-08-13 00:00:00,7,3,8,8,6,6
9097,2013-11-03 00:00:00,34,4,3,1,8,4
10473,2012-09-10 00:00:00,38,1,6,4,9,7
7962,2013-10-09 00:00:00,1,1,4,3,4,1
9984,2013-03-27 00:00:00,25,5,8,5,4,8
5527,2013-02-13 00:00:00,25,2,2,0,3,8
6374,2013-05-17 00:00:00,50,5,5,2,4,8
7453,2013-02-02 00:00:00,46,6,3,8,4,4
8952,2012-11-05 00:00:00,96,2,6,5,10,3
241,2013-05-12 00:00:00,57,1,4,4,11,1
8975,2014-01-26 00:00:00,47,4,3,1,2,8
6119,2013-05-10 00:00:00,52,1,1,0,2,6
5236,2012-08-25 00:00:00,30,1,10,2,8,5
5723,2014-01-11 00:00:00,63,1,1,1,5,2
1710,2013-03-07 00:00:00,51,7,6,1,4,9
1970,2012-09-10 00:00:00,14,1,3,0,3,8
5313,2014-04-18 00:00:00,20,3,2,0,4,5
10634,2014-04-19 00:00:00,56,1,4,2,8,3
7010,2014-04-07 00:00:00,41,1,6,6,7,3
8562,2013-05-28 00:00:00,72,1,2,1,7,2
3158,2013-01-03 00:00:00,1,1,1,0,3,8
4436,2013-02-20 00:00:00,27,1,2,1,4,7
5287,2014-06-19 00:00:00,77,3,3,1,3,7
2445,2013-07-07 00:00:00,87,1,2,0,3,8
6059,2013-03-04 00:00:00,81,7,11,3,4,7
4550,2014-06-24 00:00:00,51,1,1,1,3,5
4240,2012-11-03 00:00:00,79,2,2,1,2,8
8911,2013-04-08 00:00:00,11,3,5,4,9,4
3706,2013-08-21 00:00:00,54,1,2,2,2,7
3628,2013-01-29 00:00:00,93,2,2,1,2,9
10175,2013-08-01 00:00:00,0,1,1,0,3,4
8985,2012-11-04 00:00:00,54,5,10,7,10,6
5204,2013-06-29 00:00:00,21,1,8,8,5,3
9220,2013-01-17 00:00:00,58,1,8,6,5,3
9888,2014-06-25 00:00:00,3,1,4,4,7,2
5263,2013-01-22 00:00:00,99,1,1,0,3,8
1020,2014-05-12 00:00:00,70,1,5,6,7,2
9503,2012-08-29 00:00:00,65,2,5,1,5,8
10613,2014-02-26 00:00:00,44,4,3,0,4,4
67,2013-09-18 00:00:00,6,3,2,0,4,7
6019,2014-03-30 00:00:00,9,1,1,2,2,6
5863,2013-05-29 00:00:00,95,4,6,3,8,5
3717,2014-04-23 00:00:00,70,2,5,5,6,3
6730,2012-11-03 00:00:00,92,3,2,0,3,8
10749,2012-09-18 00:00:00,62,15,0,1,0,19
4998,2014-05-23 00:00:00,85,1,4,5,4,2
6287,2013-07-30 00:00:00,2,1,1,1,2,6
5985,2012-10-13 00:00:00,0,3,2,1,4,7
4754,2013-09-25 00:00:00,91,1,2,0,4,4
4002,2013-10-13 00:00:00,3,1,7,7,12,3
8870,2012-11-13 00:00:00,68,6,6,1,5,8
966,2013-07-05 00:00:00,98,6,6,2,11,5
4767,2014-04-07 00:00:00,41,1,6,6,7,3
9725,2014-06-05 00:00:00,16,1,1,0,2,8
4475,2013-02-16 00:00:00,82,1,7,8,9,5
5740,2013-02-14 00:00:00,1,2,1,2,2,6
5731,2013-04-05 00:00:00,64,1,1,0,3,7
7290,2012-10-05 00:00:00,68,1,3,5,12,2
3846,2012-08-29 00:00:00,98,4,6,1,4,8
8104,2013-08-09 00:00:00,32,1,5,1,5,7
4507,2012-11-27 00:00:00,87,1,6,7,8,3
11013,2013-03-31 00:00:00,84,1,2,8,6,1
4491,2012-10-01 00:00:00,3,11,3,4,10,8
3759,2013-07-25 00:00:00,34,2,7,6,11,5
1162,2013-01-10 00:00:00,23,2,5,2,11,5
2055,2014-05-19 00:00:00,37,2,1,1,2,5
10766,2014-04-11 00:00:00,22,1,4,4,8,2
4415,2012-09-12 00:00:00,19,3,1,1,3,7
3005,2014-05-01 00:00:00,7,1,4,10,8,1
2223,2012-08-03 00:00:00,52,8,8,9,8,6
4817,2012-08-04 00:00:00,91,1,1,0,2,8
2875,2014-03-04 00:00:00,93,1,3,7,13,2
10536,2014-05-25 00:00:00,78,2,3,0,3,8
11112,2012-12-03 00:00:00,23,6,5,6,8,3
3807,2012-11-30 00:00:00,83,3,9,2,9,6
9197,2014-02-24 00:00:00,92,2,2,0,3,5
10832,2013-07-18 00:00:00,4,1,6,1,6,6
6421,2013-07-03 00:00:00,32,1,4,7,9,1
4207,2013-05-01 00:00:00,27,1,6,7,11,2
577,2013-08-20 00:00:00,10,2,1,0,3,7
10855,2014-01-22 00:00:00,9,2,4,1,8,5
3081,2013-04-22 00:00:00,65,1,1,0,2,7
3535,2014-03-17 00:00:00,68,1,4,3,5,2
247,2012-11-17 00:00:00,16,6,7,2,4,9
8707,2012-08-22 00:00:00,12,1,5,6,4,3
9523,2013-08-17 00:00:00,95,1,0,0,3,4
6072,2013-02-02 00:00:00,16,1,5,8,6,3
6295,2013-02-04 00:00:00,46,4,11,6,5,8
10914,2013-10-12 00:00:00,3,2,1,0,3,4
1509,2013-01-04 00:00:00,80,0,9,9,4,5
5577,2014-05-03 00:00:00,77,1,1,0,2,6
7348,2014-03-17 00:00:00,0,1,4,7,5,2
1127,2014-05-29 00:00:00,62,1,6,6,7,2
1833,2014-04-26 00:00:00,91,2,2,1,4,5
4944,2013-08-23 00:00:00,24,1,4,5,7,2
9080,2013-06-22 00:00:00,2,3,3,0,3,8
6466,2014-03-12 00:00:00,22,3,2,1,4,3
9964,2013-08-07 00:00:00,56,1,4,2,8,4
4790,2014-06-02 00:00:00,54,1,4,3,5,1
10245,2012-10-31 00:00:00,71,1,3,3,8,1
1109,2013-04-23 00:00:00,38,1,1,0,2,7
6001,2013-01-02 00:00:00,62,2,5,8,10,5
5538,2013-10-08 00:00:00,78,0,4,7,6,1
10552,2013-05-20 00:00:00,18,2,4,1,7,5
1545,2013-08-02 00:00:00,95,6,7,2,5,8
7409,2013-10-26 00:00:00,66,2,4,1,6,5
4444,2014-03-24 00:00:00,28,1,2,0,3,8
146,2013-11-15 00:00:00,78,1,4,5,11,2
6271,2014-06-19 00:00:00,13,1,2,0,3,5
10065,2013-08-03 00:00:00,27,2,2,0,4,5
4741,2014-01-30 00:00:00,17,2,6,2,9,5
246,2014-05-31 00:00:00,71,7,4,1,7,4
375,2013-02-25 00:00:00,79,1,2,2,11,1
1524,2013-03-01 00:00:00,1,1,8,2,5,5
10022,2014-02-09 00:00:00,78,1,1,0,2,5
7451,2014-02-17 00:00:00,23,0,4,6,9,1
11010,2013-08-30 00:00:00,75,3,3,0,3,8
4356,2013-08-28 00:00:00,70,3,3,3,5,6
3885,2013-10-16 00:00:00,10,1,1,1,2,8
1175,2013-09-20 00:00:00,24,1,3,5,3,6
880,2013-01-16 00:00:00,47,1,2,1,2,8
2320,2013-09-12 00:00:00,98,5,11,1,6,9
850,2013-10-06 00:00:00,4,2,6,5,9,3
4713,2012-11-22 00:00:00,15,2,2,1,4,7
675,2013-05-17 00:00:00,67,5,4,2,5,7
5025,2013-12-24 00:00:00,32,1,2,1,4,3
2308,2012-11-18 00:00:00,40,2,6,1,5,7
5995,2012-12-18 00:00:00,54,7,6,2,5,8
6749,2012-08-08 00:00:00,78,4,5,3,6,8
1010,2014-04-24 00:00:00,94,2,1,1,3,3
8977,2013-01-12 00:00:00,51,1,0,0,3,4
4756,2013-12-20 00:00:00,42,1,7,6,11,4
3412,2013-01-15 00:00:00,67,4,2,2,9,7
606,2013-10-10 00:00:00,87,1,1,0,2,7
5961,2014-06-07 00:00:00,29,1,1,0,3,5
2975,2012-11-12 00:00:00,89,2,6,7,9,3
2894,2013-10-29 00:00:00,74,1,7,5,8,4
7613,2014-05-24 00:00:00,97,2,5,1,6,6
10542,2012-08-05 00:00:00,63,3,3,0,3,9
8015,2013-05-03 00:00:00,88,1,4,6,9,1
10617,2014-05-22 00:00:00,34,2,3,0,3,5
11166,2013-02-02 00:00:00,81,2,6,2,4,7
849,2013-06-20 00:00:00,65,4,6,2,10,4
523,2013-01-31 00:00:00,51,1,2,0,4,5
4066,2014-05-11 00:00:00,76,2,2,1,2,6
8414,2013-08-17 00:00:00,76,2,2,0,4,7
819,2013-11-05 00:00:00,84,1,6,5,13,3
4961,2014-01-21 00:00:00,56,4,2,1,4,4
749,2013-11-19 00:00:00,31,2,3,1,3,6
5430,2012-09-14 00:00:00,0,12,9,2,8,8
7755,2013-11-12 00:00:00,91,2,9,1,4,8
10525,2012-10-13 00:00:00,40,1,1,0,2,9
1453,2013-07-06 00:00:00,59,2,9,3,13,6
8310,2012-08-29 00:00:00,96,3,10,4,7,6
10710,2012-08-29 00:00:00,61,1,1,0,2,8
5031,2012-09-22 00:00:00,14,1,5,9,11,2
2613,2014-04-03 00:00:00,16,2,1,3,6,1
213,2014-05-28 00:00:00,98,4,2,1,3,7
967,2013-07-21 00:00:00,11,10,5,2,9,7
1077,2012-12-05 00:00:00,52,1,7,3,4,4
7959,2014-05-29 00:00:00,19,1,3,2,5,1
640,2013-03-11 00:00:00,61,2,7,6,10,5
4252,2014-03-23 00:00:00,73,1,4,1,6,5
8432,2012-09-14 00:00:00,0,12,9,2,8,8
6218,2012-10-20 00:00:00,74,1,8,1,7,7
6905,2012-08-22 00:00:00,55,1,6,4,10,2
5922,2013-10-13 00:00:00,48,2,4,1,5,7
3598,2013-05-23 00:00:00,53,4,4,2,12,4
6116,2013-07-05 00:00:00,13,1,1,1,3,3
6263,2012-08-22 00:00:00,34,3,2,0,4,8
10486,2013-05-29 00:00:00,54,1,4,4,8,2
2410,2014-01-22 00:00:00,69,1,3,4,8,1
193,2014-02-17 00:00:00,81,1,1,0,2,5
3363,2014-03-17 00:00:00,99,1,1,0,3,8
8278,2012-08-26 00:00:00,3,1,8,2,5,5
10660,2014-01-12 00:00:00,61,3,8,2,4,7
8686,2013-01-08 00:00:00,65,2,2,0,3,8
1604,2013-11-13 00:00:00,93,3,2,2,6,5
5907,2012-11-03 00:00:00,24,1,1,0,2,8
10669,2013-05-17 00:00:00,8,2,3,2,10,3
2918,2013-04-13 00:00:00,72,3,2,0,4,5
5735,2014-02-13 00:00:00,29,1,3,4,10,1
359,2013-01-13 00:00:00,33,3,8,2,6,7
8387,2013-01-05 00:00:00,68,1,4,1,5,6
1829,2013-01-19 00:00:00,55,3,9,5,4,7
3839,2013-05-03 00:00:00,76,5,2,2,3,5
9392,2014-05-08 00:00:00,17,1,1,0,2,7
2292,2013-08-02 00:00:00,94,1,1,0,3,5
10466,2013-08-22 00:00:00,86,2,1,0,4,4
9855,2013-08-25 00:00:00,25,1,6,6,13,4
4088,2012-12-06 00:00:00,22,2,3,1,4,8
5231,2014-02-27 00:00:00,15,1,1,0,3,5
590,2012-12-22 00:00:00,35,1,5,6,4,3
8732,2012-11-17 00:00:00,81,4,7,4,10,4
2315,2014-04-20 00:00:00,55,1,1,2,2,4
3515,2014-02-17 00:00:00,94,1,4,0,4,5
2245,2013-04-22 00:00:00,50,3,2,1,4,6
6283,2013-04-21 00:00:00,64,1,9,3,9,6
2246,2013-09-01 00:00:00,91,1,2,1,4,4
6606,2013-03-31 00:00:00,11,2,5,2,10,8
5545,2014-04-05 00:00:00,72,1,3,5,5,1
7342,2012-09-09 00:00:00,6,3,6,6,12,5
837,2013-09-11 00:00:00,0,4,2,1,5,4
9500,2013-01-25 00:00:00,66,3,9,2,8,7
3602,2013-12-31 00:00:00,42,2,3,2,4,4
234,2012-10-10 00:00:00,60,2,1,1,2,7
2995,2013-08-17 00:00:00,64,1,3,4,9,1
1118,2013-02-20 00:00:00,87,3,10,4,5,8
7789,2013-11-22 00:00:00,96,1,6,9,10,2
3068,2013-10-29 00:00:00,1,1,2,0,3,7
8955,2014-02-16 00:00:00,54,1,1,1,2,5
945,2013-05-22 00:00:00,53,2,3,0,4,7
5644,2013-10-12 00:00:00,96,2,5,1,7,7
7192,2013-04-15 00:00:00,58,2,2,4,10,1
2324,2013-10-27 00:00:00,12,2,7,11,11,4
697,2013-03-12 00:00:00,78,1,5,9,6,3
3439,2012-10-31 00:00:00,64,5,4,1,5,6
1506,2013-06-28 00:00:00,26,4,2,1,4,6
232,2013-07-17 00:00:00,8,1,4,2,10,3
8876,2012-08-08 00:00:00,49,5,3,1,4,9
4500,2013-10-06 00:00:00,56,1,4,9,10,2
9739,2013-01-19 00:00:00,55,2,2,2,2,7
10395,2012-08-22 00:00:00,25,3,3,1,3,8
1176,2013-09-22 00:00:00,50,1,1,0,2,8
1627,2013-01-26 00:00:00,84,1,5,7,9,4
938,2013-07-30 00:00:00,30,2,2,1,2,8
2740,2013-09-22 00:00:00,81,4,2,1,4,5
257,2013-04-28 00:00:00,74,2,5,4,9,3
4058,2013-10-12 00:00:00,76,1,11,2,8,6
7736,2012-10-22 00:00:00,36,2,2,1,2,5
8210,2013-08-15 00:00:00,64,5,4,1,8,4
833,2014-03-30 00:00:00,62,3,3,0,3,7
6230,2013-02-15 00:00:00,53,5,5,0,4,8
7325,2013-06-29 00:00:00,86,1,1,0,3,5
1307,2014-02-09 00:00:00,15,3,3,0,4,4
1502,2013-03-21 00:00:00,67,2,2,0,3,8
6211,2014-05-02 00:00:00,47,1,1,0,3,6
843,2014-05-26 00:00:00,47,4,8,2,11,6
4174,2014-04-17 00:00:00,81,1,2,1,4,3
9757,2013-10-04 00:00:00,98,1,5,6,12,2
6918,2013-07-04 00:00:00,56,1,1,0,3,8
286,2013-11-29 00:00:00,48,4,2,1,5,6
11086,2014-01-18 00:00:00,18,1,1,0,3,7
1921,2013-10-03 00:00:00,74,2,2,0,3,4
4138,2014-05-24 00:00:00,68,1,5,10,7,1
7718,2014-04-20 00:00:00,36,1,1,3,5,1
1291,2012-08-04 00:00:00,90,4,6,2,4,8
6862,2014-05-18 00:00:00,65,15,0,0,0,20
4136,2012-12-03 00:00:00,63,4,3,2,2,9
803,2013-04-05 00:00:00,82,1,0,1,2,5
4298,2014-03-24 00:00:00,63,1,1,0,2,8
10833,2014-05-24 00:00:00,55,3,8,3,13,6
9606,2013-08-27 00:00:00,64,1,4,2,6,3
8534,2013-07-16 00:00:00,51,4,6,5,13,4
5153,2013-02-22 00:00:00,97,2,11,10,11,6
961,2013-09-12 00:00:00,92,2,7,3,5,4
5011,2013-10-18 00:00:00,51,2,8,9,4,6
6653,2012-07-30 00:00:00,72,4,7,2,5,7
9094,2012-08-03 00:00:00,39,2,7,4,3,6
810,2014-05-12 00:00:00,49,2,4,2,11,2
5493,2014-03-19 00:00:00,21,1,1,0,2,6
2147,2013-08-16 00:00:00,91,1,4,7,11,2
5107,2014-05-19 00:00:00,37,2,1,1,2,5
3979,2013-05-22 00:00:00,98,1,6,2,8,2
6049,2013-12-05 00:00:00,85,1,7,8,11,3
8147,2013-07-06 00:00:00,40,3,2,0,3,8
1857,2014-03-06 00:00:00,2,2,2,1,2,7
3910,2013-10-08 00:00:00,78,0,4,7,6,1
5207,2012-09-24 00:00:00,41,10,9,4,6,8
11114,2013-02-08 00:00:00,94,3,2,1,3,7
5429,2013-08-20 00:00:00,10,1,4,1,4,6
9400,2014-06-21 00:00:00,73,1,6,6,6,2
1740,2014-04-07 00:00:00,22,2,7,3,4,4
7488,2013-01-22 00:00:00,30,3,5,3,13,3
195,2012-08-26 00:00:00,21,4,5,1,4,8
635,2013-03-19 00:00:00,51,8,9,1,7,8
7527,2012-11-21 00:00:00,97,3,2,1,3,8
10319,2013-02-26 00:00:00,56,4,3,4,11,8
2296,2013-12-16 00:00:00,4,1,1,0,2,6
10637,2013-01-01 00:00:00,77,2,3,0,3,7
2931,2012-09-21 00:00:00,95,0,6,7,9,3
907,2013-11-29 00:00:00,36,5,5,1,7,5
3698,2012-08-09 00:00:00,13,1,4,6,8,2
9516,2012-08-18 00:00:00,90,2,9,7,10,7
679,2012-09-20 00:00:00,49,2,1,0,3,9
7384,2013-07-21 00:00:00,18,2,7,1,7,8
5043,2012-11-05 00:00:00,89,2,4,2,5,7
5267,2013-03-14 00:00:00,43,1,1,0,3,7
339,2012-11-23 00:00:00,82,2,9,2,5,7
2516,2013-06-08 00:00:00,84,2,1,2,2,4
9010,2013-02-10 00:00:00,80,1,5,7,10,2
378,2012-12-30 00:00:00,68,2,7,2,10,6
4808,2013-09-05 00:00:00,12,1,1,0,2,7
5068,2013-07-31 00:00:00,75,1,2,0,2,9
7628,2014-03-18 00:00:00,10,2,2,0,4,5
7128,2013-12-07 00:00:00,91,1,1,0,2,7
2811,2014-04-12 00:00:00,21,2,1,0,4,4
3551,2014-03-29 00:00:00,28,2,2,1,5,2
1663,2013-10-25 00:00:00,97,1,2,0,2,9
5543,2013-06-24 00:00:00,49,5,7,2,11,5
1577,2014-02-19 00:00:00,14,1,4,6,4,1
10641,2012-12-27 00:00:00,5,4,2,1,3,6
5336,2013-06-04 00:00:00,37,0,1,0,1,1
6024,2013-03-04 00:00:00,62,0,5,8,5,2
1878,2014-02-18 00:00:00,83,1,2,0,3,7
3099,2013-02-25 00:00:00,48,5,5,2,4,9
6055,2012-11-01 00:00:00,94,1,5,5,8,3
5841,2013-06-28 00:00:00,61,5,10,3,8,7
3972,2013-04-03 00:00:00,70,6,7,1,5,8
4394,2014-05-23 00:00:00,43,1,5,5,12,2
5758,2014-01-14 00:00:00,23,1,10,4,13,6
6658,2013-07-22 00:00:00,37,7,11,2,12,6
4603,2014-01-31 00:00:00,50,2,5,4,10,4
8427,2012-11-23 00:00:00,78,1,7,5,10,4
10260,2013-08-26 00:00:00,74,3,6,1,5,7
7143,2013-11-06 00:00:00,14,5,4,7,10,2
8789,2014-01-11 00:00:00,77,3,3,1,7,4
6197,2013-04-20 00:00:00,39,3,3,0,3,9
4554,2013-10-01 00:00:00,89,4,3,2,8,4
4937,2014-06-10 00:00:00,62,1,1,0,3,7
1920,2013-07-29 00:00:00,59,2,3,0,3,7
8749,2014-02-01 00:00:00,68,1,1,1,2,4
1650,2013-04-22 00:00:00,13,1,5,9,12,3
10377,2013-06-06 00:00:00,37,3,6,1,5,6
9206,2014-01-07 00:00:00,36,2,5,7,12,1
10971,2012-09-03 00:00:00,28,4,7,2,3,9
6398,2014-03-29 00:00:00,2,2,3,0,3,8
9212,2013-02-14 00:00:00,17,6,6,3,13,7
7937,2014-04-18 00:00:00,86,1,3,0,3,7
839,2013-09-25 00:00:00,54,1,3,1,4,5
4246,2013-12-12 00:00:00,2,0,1,0,1,17
158,2013-11-17 00:00:00,3,1,8,3,5,4
4832,2014-03-07 00:00:00,84,2,2,2,2,7
5621,2012-12-12 00:00:00,8,5,6,1,5,9
1945,2013-09-18 00:00:00,4,3,7,4,7,4
5147,2013-07-29 00:00:00,57,1,4,9,13,1
2535,2012-08-18 00:00:00,24,1,6,5,8,9
11039,2013-09-17 00:00:00,51,2,5,2,4,5
9495,2013-05-08 00:00:00,29,1,2,8,6,1
9635,2014-04-20 00:00:00,13,1,3,1,3,6
2173,2013-10-16 00:00:00,23,1,1,0,3,6
942,2012-08-08 00:00:00,36,3,7,1,3,9
9386,2014-05-29 00:00:00,88,1,5,1,6,6
5510,2012-11-21 00:00:00,2,3,5,2,6,5
873,2012-10-01 00:00:00,3,11,3,4,10,8
2253,2013-02-16 00:00:00,15,1,1,0,4,6
5181,2013-03-20 00:00:00,58,1,1,0,2,9
979,2013-02-20 00:00:00,11,2,2,1,3,6
10390,2013-02-10 00:00:00,27,1,1,0,3,6
4698,2013-06-20 00:00:00,32,2,5,2,7,5
7793,2013-08-31 00:00:00,12,3,10,4,7,6
1745,2013-05-03 00:00:00,88,1,4,6,9,1
10590,2013-03-30 00:00:00,91,1,4,8,10,2
5080,2013-10-21 00:00:00,12,1,6,6,4,2
8369,2012-11-08 00:00:00,21,1,0,1,2,8
5232,2014-01-27 00:00:00,23,1,4,1,5,4
2407,2012-11-09 00:00:00,10,1,6,6,7,4
3834,2013-03-17 00:00:00,35,2,8,2,11,5
7912,2013-04-22 00:00:00,69,2,3,1,2,8
7712,2014-04-28 00:00:00,68,1,6,2,10,4
1065,2013-12-29 00:00:00,85,1,5,8,5,2
7275,2013-10-04 00:00:00,34,3,2,1,4,6
1343,2012-09-26 00:00:00,55,6,8,2,6,7
1384,2013-11-23 00:00:00,10,2,2,1,2,8
9967,2013-05-30 00:00:00,30,8,6,1,7,8
6181,2012-07-31 00:00:00,36,1,8,7,11,6
10507,2013-07-25 00:00:00,14,4,2,2,7,8
2674,2012-09-04 00:00:00,79,1,6,3,6,3
2698,2013-11-07 00:00:00,52,3,6,3,5,6
3231,2013-11-25 00:00:00,97,1,1,0,3,8
4096,2013-12-26 00:00:00,24,3,4,1,4,7
10476,2014-05-13 00:00:00,0,1,3,2,5,2
5948,2014-04-29 00:00:00,96,2,4,1,5,5
9140,2013-12-25 00:00:00,89,2,2,0,4,6
10258,2013-05-06 00:00:00,94,2,1,0,3,8
5675,2012-10-04 00:00:00,98,6,4,5,7,6
4743,2013-03-03 00:00:00,72,5,8,4,11,6
8805,2012-12-02 00:00:00,1,4,7,2,4,8
1542,2013-12-30 00:00:00,26,6,4,2,8,5
6770,2013-08-20 00:00:00,5,2,2,1,2,6
8773,2013-06-25 00:00:00,22,3,5,1,6,7
10420,2014-05-05 00:00:00,56,1,4,2,3,7
7514,2013-07-03 00:00:00,74,4,3,1,4,6
793,2012-10-06 00:00:00,24,1,2,0,3,9
10909,2014-01-15 00:00:00,9,0,5,10,5,1
8702,2013-08-20 00:00:00,10,2,1,0,3,7
4791,2012-12-16 00:00:00,35,1,1,0,3,8
2963,2014-05-02 00:00:00,56,1,8,6,6,3
8216,2013-10-11 00:00:00,7,6,4,4,3,5
8140,2013-10-03 00:00:00,51,3,2,1,4,4
10146,2014-03-02 00:00:00,17,1,1,0,3,7
5289,2012-11-09 00:00:00,30,2,1,1,2,4
2587,2014-05-15 00:00:00,21,2,2,0,3,5
4405,2013-07-30 00:00:00,2,2,6,3,12,5
8663,2014-05-22 00:00:00,85,1,1,0,2,6
2589,2014-02-07 00:00:00,65,2,2,1,3,6
3421,2013-04-21 00:00:00,64,1,9,3,9,6
10490,2012-12-10 00:00:00,11,2,6,2,4,7
4094,2012-08-25 00:00:00,92,4,5,1,5,6
9958,2014-03-29 00:00:00,54,1,9,2,9,5
2534,2014-04-21 00:00:00,4,2,4,1,3,7
4188,2012-08-13 00:00:00,53,3,5,2,4,8
6613,2012-10-12 00:00:00,39,6,8,4,8,8
10827,2012-08-07 00:00:00,49,4,3,0,4,9
5491,2013-04-11 00:00:00,70,4,6,1,5,7
8402,2013-12-17 00:00:00,40,2,7,5,8,4
8783,2012-09-08 00:00:00,40,3,4,2,9,3
10010,2012-09-06 00:00:00,43,4,3,2,2,9
618,2012-09-28 00:00:00,17,1,7,2,12,4
9121,2013-05-20 00:00:00,40,2,5,3,6,6
361,2014-02-18 00:00:00,84,1,1,0,2,7
4310,2014-01-22 00:00:00,25,1,5,10,5,1
2678,2013-02-13 00:00:00,62,3,5,0,3,9
6376,2013-06-10 00:00:00,83,4,4,3,8,4
524,2013-01-16 00:00:00,47,1,2,1,2,8
10341,2014-02-23 00:00:00,45,1,2,2,5,2
5654,2014-03-16 00:00:00,34,2,2,0,3,6
4098,2014-01-28 00:00:00,3,3,2,0,4,6
5824,2014-04-11 00:00:00,1,1,1,0,2,6
7000,2013-10-13 00:00:00,18,1,2,10,10,1
2561,2012-11-11 00:00:00,45,4,4,3,12,8
5229,2014-02-16 00:00:00,81,1,1,0,3,7
4086,2012-12-28 00:00:00,77,1,1,1,2,8
2428,2013-05-04 00:00:00,23,3,2,0,4,7
8254,2013-04-13 00:00:00,48,1,1,0,2,8
2836,2013-09-16 00:00:00,61,1,1,0,2,8
8418,2014-03-30 00:00:00,60,2,2,0,3,7
1362,2013-03-04 00:00:00,75,1,6,1,6,7
7152,2013-04-05 00:00:00,64,1,1,0,3,7
10033,2014-02-13 00:00:00,54,1,1,0,3,6
9349,2013-12-19 00:00:00,84,1,6,5,11,2
274,2013-12-23 00:00:00,75,2,2,0,3,6
3388,2013-10-30 00:00:00,16,5,6,1,5,7
922,2013-05-04 00:00:00,79,2,1,1,2,8
8588,2012-08-25 00:00:00,92,4,5,1,5,6
2518,2013-01-25 00:00:00,16,1,0,1,2,7
574,2014-04-23 00:00:00,96,1,1,1,4,2
3220,2013-02-14 00:00:00,30,2,3,0,4,8
5967,2013-07-18 00:00:00,60,3,2,1,3,8
1183,2013-09-21 00:00:00,11,1,1,0,2,6
6856,2012-09-03 00:00:00,75,3,3,0,3,9
4530,2012-10-24 00:00:00,36,3,3,7,10,3
1553,2013-09-27 00:00:00,71,1,7,5,10,4
4682,2013-10-15 00:00:00,88,1,2,2,8,1
8204,2012-12-16 00:00:00,93,1,4,4,9,2
5221,2012-12-01 00:00:00,93,4,10,7,5,8
1232,2013-10-25 00:00:00,54,1,4,4,8,2
1927,2014-03-23 00:00:00,41,4,4,4,5,2
5788,2013-02-17 00:00:00,46,3,3,2,4,5
6652,2014-06-09 00:00:00,28,1,3,4,9,1
6246,2013-11-13 00:00:00,40,1,3,11,8,1
5975,2013-09-30 00:00:00,82,1,2,0,3,7
6875,2012-08-28 00:00:00,38,2,7,3,5,8
4399,2014-06-25 00:00:00,3,1,4,4,7,2
4042,2012-10-13 00:00:00,87,3,4,0,4,8
2157,2013-01-12 00:00:00,49,4,2,0,4,6
10133,2014-02-12 00:00:00,16,0,6,7,12,2
2525,2012-09-14 00:00:00,65,2,5,2,9,6
8233,2014-01-26 00:00:00,9,4,7,3,7,5
9483,2013-08-19 00:00:00,24,7,4,6,8,3
2945,2014-04-13 00:00:00,25,1,1,0,3,7
10403,2014-06-18 00:00:00,43,3,3,0,3,7
5074,2013-07-08 00:00:00,10,1,1,0,3,7
10524,2013-06-20 00:00:00,29,4,2,11,5,2
4690,2013-02-13 00:00:00,45,4,8,1,8,8
7521,2013-05-12 00:00:00,57,1,4,4,11,1
7196,2014-02-08 00:00:00,20,1,0,0,3,3
4406,2013-01-16 00:00:00,29,4,9,4,8,5
9672,2013-12-21 00:00:00,82,3,1,1,3,6
4864,2013-05-02 00:00:00,68,4,4,1,3,8
4706,2013-04-27 00:00:00,65,1,1,0,3,5
4070,2012-09-01 00:00:00,99,1,8,5,4,7
25,2012-11-16 00:00:00,9,2,6,6,7,4
3697,2013-02-12 00:00:00,20,2,3,0,4,7
217,2012-11-23 00:00:00,78,1,7,5,10,4
4220,2013-11-02 00:00:00,26,1,2,1,3,3
5286,2013-10-28 00:00:00,68,1,3,2,4,3
9559,2014-01-24 00:00:00,79,2,7,5,13,5
2849,2013-04-01 00:00:00,25,7,10,2,12,7
7787,2012-08-31 00:00:00,83,3,5,3,12,5
3102,2013-10-16 00:00:00,32,1,1,0,3,8
5868,2013-08-22 00:00:00,49,2,1,0,3,7
8370,2012-08-02 00:00:00,50,2,7,3,6,4
9988,2013-03-03 00:00:00,84,3,6,3,13,4
2939,2014-06-22 00:00:00,96,1,4,6,4,2
5529,2014-06-10 00:00:00,56,7,8,2,5,7
9743,2013-01-11 00:00:00,85,2,11,8,8,6
5763,2013-11-10 00:00:00,63,5,6,2,5,6
3478,2013-06-24 00:00:00,17,10,7,4,9,5
7494,2013-01-21 00:00:00,11,4,6,1,4,8
1763,2013-07-27 00:00:00,62,1,7,11,10,4
7250,2013-10-01 00:00:00,48,7,7,2,9,6
2005,2013-12-11 00:00:00,86,2,2,0,4,6
10770,2014-01-26 00:00:00,73,2,4,7,13,2
6885,2013-12-01 00:00:00,36,1,2,0,3,7
2072,2012-08-16 00:00:00,34,6,4,2,9,9
9463,2012-11-13 00:00:00,16,4,9,5,7,5
6318,2013-01-13 00:00:00,48,1,9,7,13,4
4093,2013-02-11 00:00:00,61,7,4,3,5,5
5751,2014-02-13 00:00:00,54,1,1,0,3,6
3340,2012-08-17 00:00:00,56,6,7,1,6,8
3594,2012-11-05 00:00:00,74,13,8,2,9,8
3584,2012-08-20 00:00:00,35,2,5,10,5,8
3643,2014-03-20 00:00:00,65,1,4,3,6,2
851,2013-07-09 00:00:00,48,9,5,2,10,6
7706,2012-11-07 00:00:00,88,6,11,8,5,8
3967,2013-10-25 00:00:00,19,1,2,8,13,1
10128,2013-06-08 00:00:00,21,5,5,5,12,5
486,2014-02-02 00:00:00,27,1,3,4,10,1
9,2012-08-18 00:00:00,86,4,3,2,2,8
9451,2012-11-25 00:00:00,92,3,10,4,9,7
9264,2014-04-27 00:00:00,1,1,4,8,9,2
3865,2013-04-30 00:00:00,14,1,3,1,2,8
2853,2014-03-11 00:00:00,74,2,4,2,4,5
1490,2012-11-28 00:00:00,84,5,10,3,8,8
6310,2013-09-09 00:00:00,4,1,2,0,4,5
10380,2013-09-20 00:00:00,50,1,3,0,3,8
3887,2012-11-11 00:00:00,2,2,2,0,3,9
4278,2013-06-03 00:00:00,73,1,10,2,6,3
8643,2013-05-26 00:00:00,21,1,4,5,12,3
1998,2014-02-07 00:00:00,82,1,2,1,3,6
10795,2014-05-06 00:00:00,14,2,2,0,3,7
11110,2013-04-13 00:00:00,56,0,0,0,0,14
2408,2012-11-20 00:00:00,20,12,7,4,9,7
202,2014-04-05 00:00:00,54,0,4,6,7,1
7998,2012-12-11 00:00:00,77,3,2,2,2,7
830,2014-02-24 00:00:00,5,1,4,6,4,3
3536,2013-03-24 00:00:00,65,2,1,1,3,5
6050,2012-12-11 00:00:00,33,4,6,3,13,9
125,2013-05-15 00:00:00,65,6,5,1,5,7
3463,2014-06-14 00:00:00,41,4,7,3,13,5
2804,2012-08-18 00:00:00,86,4,3,2,2,8
3745,2012-09-04 00:00:00,92,2,3,0,3,8
9771,2012-10-05 00:00:00,97,6,5,1,5,9
451,2013-12-20 00:00:00,91,1,1,1,2,8
10530,2013-12-07 00:00:00,0,1,3,6,6,1
1079,2012-10-16 00:00:00,59,3,3,4,9,8
8920,2013-01-12 00:00:00,4,3,11,2,12,7
6678,2014-03-28 00:00:00,5,2,3,0,4,7
3852,2013-03-08 00:00:00,48,4,9,2,12,5
528,2012-11-29 00:00:00,99,1,5,4,10,3
73,2013-05-26 00:00:00,81,1,0,0,3,5
5589,2012-08-31 00:00:00,95,3,9,2,10,7
10212,2013-01-13 00:00:00,43,1,3,0,3,8
6365,2013-09-02 00:00:00,5,1,2,0,3,6
5636,2012-11-09 00:00:00,50,1,4,0,3,8
591,2013-01-20 00:00:00,76,2,8,3,7,7
2217,2013-03-29 00:00:00,46,1,0,0,3,6
2544,2013-10-12 00:00:00,68,1,1,1,4,1
7725,2014-03-08 00:00:00,33,1,4,4,7,1
8091,2012-09-02 00:00:00,50,1,6,4,6,5
7321,2014-05-23 00:00:00,85,1,4,5,4,2
5462,2012-08-12 00:00:00,63,5,9,6,12,6
7791,2013-09-15 00:00:00,89,2,1,0,3,7
955,2012-10-28 00:00:00,81,7,4,2,4,8
4037,2013-06-14 00:00:00,77,1,1,0,2,7
6642,2013-01-23 00:00:00,50,4,2,1,4,6
2793,2013-07-21 00:00:00,10,3,7,3,13,5
5424,2013-02-14 00:00:00,30,2,3,0,4,8
879,2013-11-04 00:00:00,66,6,7,1,7,7
9530,2012-11-01 00:00:00,16,1,1,0,2,8
4828,2014-06-18 00:00:00,12,1,5,10,5,1
10699,2014-06-16 00:00:00,30,2,3,0,3,8
1497,2013-01-19 00:00:00,8,2,6,3,5,5
7476,2012-12-02 00:00:00,93,4,5,4,10,4
4390,2014-04-15 00:00:00,14,2,5,4,12,2
10478,2012-09-27 00:00:00,53,5,11,1,6,9
1081,2013-03-27 00:00:00,26,11,6,3,5,4
4261,2012-11-24 00:00:00,23,1,7,6,12,3
9916,2012-11-03 00:00:00,92,3,2,0,3,8
5350,2014-02-13 00:00:00,29,1,3,4,10,1
8135,2013-10-28 00:00:00,41,1,1,0,3,7
8685,2012-08-17 00:00:00,56,6,7,1,6,8
4967,2013-03-29 00:00:00,19,4,5,1,5,8
2130,2014-03-23 00:00:00,4,1,3,1,3,6
9298,2014-04-28 00:00:00,89,1,4,5,8,1
8175,2013-06-21 00:00:00,71,1,2,1,4,7
6257,2013-01-23 00:00:00,81,1,7,2,7,7
3790,2014-01-23 00:00:00,31,1,1,0,2,6
9952,2013-12-11 00:00:00,53,1,4,7,5,1
3503,2013-12-02 00:00:00,78,1,5,3,6,1
5223,2014-04-23 00:00:00,80,2,2,1,3,4
4608,2014-02-25 00:00:00,18,1,3,10,13,1
1626,2014-05-19 00:00:00,37,2,1,1,2,5
4764,2012-08-19 00:00:00,52,4,3,1,4,7
2471,2014-06-27 00:00:00,39,1,3,2,6,2
5892,2013-04-10 00:00:00,11,7,3,2,5,7
2612,2013-12-24 00:00:00,33,1,7,5,12,3
4971,2012-12-06 00:00:00,22,2,3,1,4,8
5185,2013-02-14 00:00:00,83,1,4,3,5,2
10069,2012-08-31 00:00:00,43,1,2,0,2,9
2262,2013-08-26 00:00:00,74,3,6,1,5,7
1131,2014-04-05 00:00:00,54,1,2,0,4,3
1041,2012-10-18 00:00:00,3,5,7,1,6,8
24,2014-02-15 00:00:00,96,5,3,0,4,7
3409,2013-10-15 00:00:00,68,3,7,1,4,9
7022,2012-09-28 00:00:00,2,1,2,5,13,6
7943,2014-04-25 00:00:00,40,1,1,1,3,2
5272,2013-06-27 00:00:00,64,4,8,5,3,7
5453,2012-09-26 00:00:00,26,1,4,7,12,2
2565,2013-06-01 00:00:00,69,1,4,5,10,3
800,2013-08-30 00:00:00,57,2,1,0,3,4
11092,2014-03-02 00:00:00,78,2,2,0,3,7
5062,2013-07-27 00:00:00,71,1,2,0,2,8
8969,2013-01-16 00:00:00,59,4,5,5,11,3
4656,2013-03-30 00:00:00,28,5,10,5,4,9
4480,2014-03-09 00:00:00,61,5,7,2,5,6
9971,2014-04-11 00:00:00,22,1,4,4,8,2
6729,2012-08-10 00:00:00,95,1,4,5,11,3
1773,2012-12-04 00:00:00,38,1,2,0,3,9
9242,2013-08-17 00:00:00,19,1,6,3,9,4
1764,2013-08-09 00:00:00,92,4,5,1,5,8
6215,2013-12-29 00:00:00,24,2,1,1,2,8
10099,2013-10-05 00:00:00,21,3,5,3,13,4
5423,2013-10-27 00:00:00,35,1,1,0,2,7
940,2014-05-18 00:00:00,9,2,3,2,7,3
3011,2014-01-27 00:00:00,23,1,4,1,5,4
3298,2012-11-08 00:00:00,92,7,9,6,9,8
8286,2013-08-20 00:00:00,55,1,3,0,4,7
9668,2013-01-12 00:00:00,14,3,2,0,4,8
5120,2012-09-25 00:00:00,78,1,5,7,6,3
6097,2013-01-16 00:00:00,64,9,8,1,6,9
7019,2013-01-23 00:00:00,49,4,3,1,5,4
7408,2014-03-03 00:00:00,8,2,5,1,4,7
8041,2012-09-08 00:00:00,35,6,3,2,10,9
252,2013-03-17 00:00:00,11,1,6,2,8,6
9986,2014-02-22 00:00:00,8,3,4,1,2,7
3276,2013-10-25 00:00:00,53,1,3,0,3,7
3859,2013-08-31 00:00:00,36,1,9,3,13,4
3570,2013-10-21 00:00:00,64,3,4,1,5,5
3783,2014-03-24 00:00:00,43,2,2,1,4,5
10207,2013-06-19 00:00:00,40,1,1,0,2,8
10906,2013-10-08 00:00:00,52,2,4,6,4,5
3427,2013-04-12 00:00:00,11,6,11,2,7,8
5209,2013-06-17 00:00:00,21,2,8,2,7,7
10711,2013-10-02 00:00:00,23,1,3,6,12,1
10785,2014-06-19 00:00:00,17,2,2,0,3,5
2814,2013-06-27 00:00:00,6,1,1,0,3,7
6866,2014-03-23 00:00:00,56,1,1,0,3,5
1665,2013-09-23 00:00:00,71,5,2,5,6,5
6575,2012-10-27 00:00:00,51,8,9,1,7,9
3829,2013-12-10 00:00:00,94,1,1,0,3,5
3091,2014-05-02 00:00:00,27,1,7,5,8,4
10141,2013-05-10 00:00:00,1,1,0,0,3,4
5177,2013-12-12 00:00:00,56,2,6,2,6,6
7005,2014-06-16 00:00:00,71,1,5,3,12,2
6409,2013-05-18 00:00:00,18,1,7,5,7,6
7485,2014-05-07 00:00:00,48,3,2,1,4,4
8079,2014-02-26 00:00:00,86,3,2,1,3,3
8395,2012-08-20 00:00:00,48,1,3,6,12,6
10352,2012-09-07 00:00:00,2,3,3,1,2,9
4931,2013-04-29 00:00:00,13,0,0,28,0,1
13,2013-07-22 00:00:00,57,2,1,0,3,6
1834,2014-03-08 00:00:00,77,1,2,0,3,7
2285,2013-05-28 00:00:00,0,3,5,2,5,7
2295,2014-02-02 00:00:00,57,1,5,3,13,3
1378,2013-07-24 00:00:00,24,6,7,4,6,6
2781,2014-06-23 00:00:00,55,1,4,6,6,2
1165,2013-05-02 00:00:00,62,9,6,2,7,6
1404,2013-05-15 00:00:00,89,4,5,1,3,9
6457,2014-05-29 00:00:00,77,2,6,4,12,4
2639,2014-01-10 00:00:00,45,3,3,1,2,6
8299,2013-09-11 00:00:00,46,1,1,1,3,4
6437,2013-06-19 00:00:00,80,1,2,0,3,7
6912,2013-08-20 00:00:00,60,1,6,3,12,4
7327,2013-12-29 00:00:00,71,3,1,1,4,2
5299,2013-11-19 00:00:00,43,2,7,3,13,8
4127,2013-02-22 00:00:00,97,2,11,10,11,6
8143,2013-07-30 00:00:00,49,2,4,2,5,7
1964,2013-09-05 00:00:00,66,1,5,6,6,2
3690,2013-01-11 00:00:00,20,1,7,4,10,6
3433,2013-06-03 00:00:00,54,1,6,8,6,3
3389,2012-11-22 00:00:00,61,4,8,9,13,5
4712,2012-11-28 00:00:00,18,1,1,1,4,4
1170,2013-03-25 00:00:00,45,4,5,1,4,8
6347,2013-06-27 00:00:00,26,1,1,0,3,8
4065,2013-02-12 00:00:00,0,2,5,1,8,7
8230,2014-01-23 00:00:00,28,1,2,0,3,7
1215,2013-10-08 00:00:00,49,1,5,10,7,3
5939,2014-01-17 00:00:00,84,4,3,1,3,5
2156,2012-11-03 00:00:00,38,4,2,0,4,5
7788,2014-06-04 00:00:00,53,1,0,0,3,3
10323,2013-10-25 00:00:00,88,2,4,2,5,5
7947,2014-03-25 00:00:00,99,1,1,0,3,5
1891,2012-08-08 00:00:00,12,1,4,6,5,2
2570,2013-07-23 00:00:00,35,4,10,4,7,8
9256,2013-01-04 00:00:00,5,4,8,3,12,6
295,2013-07-19 00:00:00,77,1,3,7,11,1
7397,2013-07-19 00:00:00,45,3,7,2,9,7
6349,2013-07-06 00:00:00,71,1,8,4,6,5
10790,2013-02-19 00:00:00,40,1,1,0,2,8
10398,2012-08-27 00:00:00,82,1,1,0,2,7
2431,2012-12-31 00:00:00,70,1,2,0,3,8
550,2013-05-23 00:00:00,87,2,3,3,13,2
1890,2012-09-19 00:00:00,95,1,1,0,2,7
10742,2013-02-27 00:00:00,72,0,4,2,5,1
10356,2012-09-22 00:00:00,5,1,1,0,3,7
4676,2014-03-05 00:00:00,86,2,9,6,8,5
8852,2012-08-31 00:00:00,80,5,8,4,11,6
3565,2014-03-30 00:00:00,62,3,3,0,3,7
5294,2013-11-20 00:00:00,49,3,3,0,4,7
1958,2014-03-21 00:00:00,85,6,8,2,9,5
7349,2012-10-02 00:00:00,7,4,3,1,3,8
8799,2013-09-23 00:00:00,6,3,3,1,4,7
1351,2012-09-20 00:00:00,25,4,7,8,13,6
1045,2012-08-16 00:00:00,55,2,5,2,4,7
7732,2014-01-02 00:00:00,81,1,7,2,10,5
8070,2014-03-01 00:00:00,98,1,3,3,5,3
477,2014-06-17 00:00:00,31,1,4,7,10,1
7832,2013-08-28 00:00:00,30,1,8,7,7,4
2202,2013-04-09 00:00:00,98,1,1,0,4,5
7396,2012-11-10 00:00:00,92,1,5,8,12,3
4055,2014-05-29 00:00:00,41,2,3,0,3,6
10340,2012-11-13 00:00:00,68,6,6,1,5,8
10091,2013-05-20 00:00:00,78,2,6,3,6,5
7629,2014-05-08 00:00:00,46,2,2,0,3,7
10640,2013-09-05 00:00:00,71,5,4,1,4,7
3498,2012-11-25 00:00:00,6,4,7,5,9,6
6742,2013-01-13 00:00:00,82,1,1,0,2,8
1172,2013-05-01 00:00:00,71,1,7,5,12,3
569,2013-12-14 00:00:00,32,1,5,6,7,2
4686,2014-04-02 00:00:00,28,0,6,5,13,2
1381,2014-01-28 00:00:00,20,5,6,1,5,8
2634,2014-04-18 00:00:00,10,3,2,1,3,6
10905,2012-10-29 00:00:00,7,5,4,1,6,8
1744,2013-01-07 00:00:00,67,1,1,1,2,6
1000,2013-03-08 00:00:00,48,4,9,2,12,5
3828,2013-02-17 00:00:00,61,2,7,6,13,4
8605,2014-03-23 00:00:00,36,2,2,0,3,6
10304,2012-12-28 00:00:00,77,1,1,1,2,8
4351,2013-04-27 00:00:00,90,1,1,1,2,7
10129,2014-03-12 00:00:00,35,1,3,5,12,1
2499,2013-05-06 00:00:00,38,1,5,2,10,4
10092,2013-02-18 00:00:00,46,4,7,10,5,5
7500,2014-04-24 00:00:00,33,2,8,1,8,6
5796,2013-11-26 00:00:00,70,1,4,5,13,1
10556,2014-05-24 00:00:00,51,4,6,1,6,7
1064,2013-12-11 00:00:00,18,1,1,0,3,8
48,2014-04-24 00:00:00,97,2,4,1,3,6
7610,2013-04-18 00:00:00,32,5,6,3,5,8
263,2014-05-28 00:00:00,9,1,3,1,3,8
10814,2013-01-16 00:00:00,6,1,6,5,13,4
9710,2013-01-20 00:00:00,80,2,11,3,7,8
9292,2012-10-26 00:00:00,74,1,4,11,7,2
10250,2012-11-20 00:00:00,49,1,1,0,2,7
7881,2013-09-28 00:00:00,21,1,6,4,13,2
5847,2013-05-29 00:00:00,95,3,7,3,10,5
737,2013-03-03 00:00:00,56,2,4,4,5,2
3571,2012-10-16 00:00:00,48,3,8,3,5,6
7807,2012-09-12 00:00:00,26,5,5,1,5,6
3878,2014-02-27 00:00:00,3,1,1,0,3,7
5092,2013-02-12 00:00:00,39,4,7,1,7,8
2154,2012-12-25 00:00:00,33,3,2,0,3,7
5394,2013-03-17 00:00:00,42,4,1,1,4,3
3798,2013-11-06 00:00:00,80,3,2,1,3,6
3524,2013-08-04 00:00:00,9,2,5,1,2,9
5247,2014-05-10 00:00:00,52,2,1,0,4,4
5883,2013-05-26 00:00:00,78,3,7,4,7,5
2118,2013-09-10 00:00:00,68,3,7,2,8,4
8812,2013-03-10 00:00:00,45,2,2,0,3,7
6616,2013-10-23 00:00:00,47,2,3,3,8,2
2797,2013-08-20 00:00:00,34,1,9,7,9,5
4328,2013-09-07 00:00:00,81,2,2,1,3,6
9167,2013-03-26 00:00:00,72,3,9,2,12,6
10560,2014-06-16 00:00:00,23,1,1,0,3,5
2631,2013-05-08 00:00:00,29,1,2,8,6,1
8312,2014-06-15 00:00:00,80,1,2,0,3,6
5534,2013-10-20 00:00:00,30,2,3,2,3,7
5093,2012-09-18 00:00:00,15,3,3,0,3,9
7592,2013-04-18 00:00:00,86,1,4,1,4,6
8895,2012-10-05 00:00:00,68,1,3,5,12,2
8584,2013-06-08 00:00:00,54,1,2,7,7,0
2694,2014-03-18 00:00:00,44,1,1,0,3,6
8910,2012-10-29 00:00:00,7,5,4,1,6,8
7433,2012-08-29 00:00:00,87,4,3,1,4,8
164,2012-10-13 00:00:00,59,2,5,1,5,8
10477,2013-08-06 00:00:00,16,1,3,1,2,7
2681,2013-08-01 00:00:00,1,1,2,3,13,1
5150,2012-12-17 00:00:00,64,2,2,0,3,6
5283,2014-02-17 00:00:00,72,3,2,1,4,5
9645,2012-10-14 00:00:00,98,1,9,4,10,6
10678,2013-11-28 00:00:00,91,2,11,2,10,7
7261,2013-01-01 00:00:00,8,5,5,2,5,8
9648,2012-11-03 00:00:00,20,4,5,1,4,8
2870,2012-09-21 00:00:00,6,5,6,3,6,6
8008,2013-12-09 00:00:00,54,1,2,0,4,6
1513,2012-08-28 00:00:00,72,13,2,2,12,8
6173,2013-11-02 00:00:00,46,1,6,6,11,3
1419,2013-08-05 00:00:00,11,3,2,1,3,5
9150,2014-04-12 00:00:00,21,2,1,0,4,4
7960,2013-08-15 00:00:00,89,1,3,9,13,1
1250,2014-02-07 00:00:00,82,1,2,1,3,6
9905,2013-07-13 00:00:00,69,5,3,3,3,6
10691,2013-06-14 00:00:00,55,1,1,1,2,6
7002,2013-10-03 00:00:00,13,1,3,2,8,3
2952,2014-04-16 00:00:00,80,2,3,0,3,6
8439,2014-06-06 00:00:00,97,2,6,3,4,4
762,2014-05-02 00:00:00,27,1,7,5,8,4
2831,2014-06-27 00:00:00,99,2,7,7,10,3
6977,2012-10-14 00:00:00,87,1,10,5,13,6
6289,2013-04-28 00:00:00,85,2,3,1,4,5
4168,2013-03-20 00:00:00,30,9,5,1,8,7
8397,2014-01-10 00:00:00,82,2,1,1,2,7
9284,2013-06-08 00:00:00,21,5,5,5,12,5
6237,2013-12-07 00:00:00,92,0,23,1,1,0
3130,2013-06-04 00:00:00,95,4,2,0,4,5
1619,2014-04-28 00:00:00,2,1,4,6,6,1
1990,2012-11-05 00:00:00,74,1,3,5,8,3
5513,2012-10-04 00:00:00,49,2,1,0,3,8
269,2012-11-16 00:00:00,71,6,4,4,7,9
8093,2014-06-28 00:00:00,72,1,4,3,6,1
10513,2013-01-20 00:00:00,68,1,2,3,6,7
10177,2013-02-14 00:00:00,4,3,5,4,8,2
2549,2013-07-21 00:00:00,80,1,1,0,3,9
5782,2013-09-28 00:00:00,15,2,9,2,9,5
10057,2013-07-19 00:00:00,70,1,5,7,9,7
10307,2013-08-31 00:00:00,91,3,6,2,8,5
8566,2014-06-15 00:00:00,10,1,1,0,2,7
2415,2014-04-07 00:00:00,99,3,5,3,5,4
5684,2013-10-11 00:00:00,25,2,2,0,3,7
8334,2013-10-04 00:00:00,34,3,2,1,4,6
9166,2013-08-09 00:00:00,57,3,4,4,12,2
1440,2012-09-04 00:00:00,84,2,9,5,9,7
78,2013-09-15 00:00:00,51,1,1,1,2,8
5441,2013-08-25 00:00:00,97,2,5,2,6,5
5302,2013-02-15 00:00:00,13,1,4,6,5,2
4687,2013-05-23 00:00:00,92,1,3,11,9,1
1087,2013-05-22 00:00:00,30,3,4,1,2,9
6859,2013-10-08 00:00:00,30,2,4,0,3,9
9860,2013-03-15 00:00:00,11,3,4,1,4,7
7129,2013-02-17 00:00:00,72,8,6,4,13,6
5866,2014-03-20 00:00:00,39,3,4,1,4,7
10521,2013-09-11 00:00:00,0,4,2,1,5,4
7393,2012-12-10 00:00:00,15,3,2,1,3,5
7849,2013-09-09 00:00:00,12,1,2,9,13,1
332,2013-03-22 00:00:00,56,3,4,1,6,6
9847,2012-08-03 00:00:00,39,2,7,4,3,6
531,2012-09-22 00:00:00,55,11,8,5,9,6
9576,2013-02-11 00:00:00,60,3,4,0,4,9
6906,2013-06-03 00:00:00,73,1,3,10,4,2
7419,2014-04-23 00:00:00,90,2,2,0,3,6
3170,2013-08-31 00:00:00,86,1,4,4,6,2
8527,2013-12-07 00:00:00,37,5,6,2,6,7
7872,2012-09-12 00:00:00,7,1,6,10,6,5
9931,2014-06-23 00:00:00,29,15,0,0,0,19
10595,2013-07-08 00:00:00,19,1,2,0,3,7
4609,2014-01-11 00:00:00,14,3,8,1,6,6
5010,2014-02-02 00:00:00,72,2,1,0,3,8
4427,2012-09-18 00:00:00,56,1,5,10,12,6
11148,2013-05-19 00:00:00,85,1,1,0,2,8
1168,2012-10-29 00:00:00,62,1,4,6,10,2
9595,2013-01-11 00:00:00,1,1,4,5,4,3
10163,2013-09-10 00:00:00,28,1,8,4,7,4
2886,2013-08-12 00:00:00,70,4,10,8,10,6
6710,2012-11-17 00:00:00,84,1,2,0,4,6
5316,2013-07-04 00:00:00,89,1,2,0,4,7
9029,2013-01-26 00:00:00,73,1,2,8,12,1
521,2012-09-18 00:00:00,42,2,8,1,7,7
1459,2012-11-07 00:00:00,16,1,5,3,5,3
10241,2013-12-15 00:00:00,16,1,1,0,2,6
1630,2013-08-07 00:00:00,56,1,4,2,8,4
3254,2013-10-14 00:00:00,65,1,5,4,4,2
9064,2012-11-09 00:00:00,10,1,6,6,7,4
3678,2012-10-07 00:00:00,13,11,8,3,7,7
4227,2013-09-06 00:00:00,78,3,2,1,3,5
9467,2014-05-11 00:00:00,51,1,1,0,3,6
8486,2012-10-01 00:00:00,27,4,9,0,4,10
2186,2014-03-10 00:00:00,30,1,5,10,6,2
3286,2014-03-01 00:00:00,71,2,2,0,3,6
8602,2013-06-12 00:00:00,97,2,7,6,11,4
3722,2014-04-16 00:00:00,83,2,2,0,3,6
6715,2013-01-02 00:00:00,3,6,6,2,11,6
4796,2014-04-19 00:00:00,71,1,1,0,3,2
9612,2014-02-07 00:00:00,3,1,1,0,3,7
3766,2012-08-16 00:00:00,15,3,9,1,8,9
1399,2014-01-21 00:00:00,52,1,3,7,9,1
1570,2013-02-19 00:00:00,8,2,7,7,10,4
3426,2013-07-15 00:00:00,89,3,5,5,13,8
3074,2012-10-15 00:00:00,66,1,5,8,4,6
8341,2014-04-30 00:00:00,22,2,1,1,2,7
5180,2014-04-18 00:00:00,56,2,4,0,4,7
6461,2013-05-19 00:00:00,74,1,5,6,11,2
7679,2014-05-19 00:00:00,48,1,1,1,3,3
10702,2012-11-03 00:00:00,67,2,7,1,7,7
7505,2014-01-19 00:00:00,24,1,1,1,2,4
5113,2013-11-07 00:00:00,67,1,5,5,5,2
10858,2013-09-09 00:00:00,38,4,9,5,7,5
2961,2013-02-26 00:00:00,86,2,6,3,4,6
2747,2012-08-31 00:00:00,90,1,4,10,5,3
3010,2014-05-02 00:00:00,87,1,4,7,8,1
5790,2013-01-27 00:00:00,62,2,2,0,3,8
6892,2014-06-03 00:00:00,23,8,10,4,6,8
1743,2014-05-26 00:00:00,99,1,2,3,5,1
3578,2013-10-20 00:00:00,29,2,3,1,6,6
8462,2012-09-09 00:00:00,52,1,1,1,2,6
5558,2014-03-31 00:00:00,90,1,4,6,4,1
4619,2014-05-28 00:00:00,9,0,27,0,0,1
8780,2013-06-13 00:00:00,71,2,3,5,8,3
10789,2013-02-23 00:00:00,13,2,2,0,3,7
10779,2014-04-13 00:00:00,16,1,1,0,3,7
5896,2014-03-18 00:00:00,94,1,4,4,6,2
2337,2013-10-24 00:00:00,77,3,3,0,3,6
10951,2014-01-25 00:00:00,20,2,3,1,8,4
544,2013-05-11 00:00:00,51,1,3,4,6,1
17,2013-09-06 00:00:00,81,4,6,11,7,5
10680,2014-02-05 00:00:00,71,1,3,0,3,7
3265,2013-03-19 00:00:00,36,1,1,0,3,6
5623,2013-09-26 00:00:00,95,1,1,1,2,7
5832,2014-04-20 00:00:00,32,0,3,5,13,0
5544,2012-11-10 00:00:00,32,2,7,8,5,5
6417,2012-10-14 00:00:00,85,1,4,6,13,2
5831,2012-08-22 00:00:00,93,3,5,5,5,8
7101,2013-01-25 00:00:00,24,6,10,5,10,8
10176,2012-08-24 00:00:00,44,7,4,4,8,8
2326,2013-02-16 00:00:00,15,1,1,0,4,6
4385,2013-05-31 00:00:00,82,2,3,0,3,6
2929,2013-02-20 00:00:00,27,1,2,1,4,7
10686,2012-12-26 00:00:00,72,1,1,0,2,7
2546,2014-06-22 00:00:00,7,1,1,0,4,3
3283,2014-01-19 00:00:00,57,2,6,2,12,3
3138,2012-10-20 00:00:00,84,0,7,9,6,4
4994,2013-10-01 00:00:00,53,1,7,5,13,3
7966,2013-01-08 00:00:00,48,3,11,5,11,5
3112,2013-09-05 00:00:00,2,1,1,0,3,5
10872,2012-11-23 00:00:00,65,3,4,2,11,8
2181,2013-06-23 00:00:00,45,1,3,3,7,2
1867,2012-11-13 00:00:00,42,1,9,3,6,5
1518,2013-06-17 00:00:00,29,5,9,3,7,7
5734,2013-11-20 00:00:00,83,1,2,0,4,5
2878,2013-09-28 00:00:00,93,2,4,2,7,3
1458,2014-01-07 00:00:00,40,3,3,0,3,6
7007,2014-04-01 00:00:00,47,2,3,1,2,7
6200,2013-04-08 00:00:00,50,2,6,6,9,3
1403,2012-09-06 00:00:00,40,2,1,0,3,7
4827,2013-03-10 00:00:00,3,5,4,2,9,4
6250,2012-11-19 00:00:00,62,3,11,2,8,8
9291,2014-03-23 00:00:00,25,1,0,0,3,5
2478,2013-08-31 00:00:00,48,1,1,0,4,4
1139,2014-02-06 00:00:00,56,1,5,11,5,2
5138,2013-01-14 00:00:00,68,1,1,0,3,8
5393,2012-08-07 00:00:00,64,1,1,0,3,7
10413,2014-04-25 00:00:00,67,1,4,6,12,1
5015,2012-09-14 00:00:00,94,2,2,2,3,7
10868,2013-02-06 00:00:00,82,2,3,4,10,3
10676,2012-11-02 00:00:00,3,2,3,8,7,2
2495,2014-06-20 00:00:00,24,1,4,7,10,1
7842,2013-03-31 00:00:00,54,3,3,0,3,8
9955,2013-02-12 00:00:00,20,2,3,0,4,7
6663,2013-07-08 00:00:00,96,1,3,1,4,5
2162,2013-09-18 00:00:00,19,2,3,3,10,3
3434,2014-05-12 00:00:00,60,1,4,4,10,1
7919,2012-08-13 00:00:00,2,1,10,4,8,8
5626,2013-11-23 00:00:00,13,1,4,2,9,4
6428,2014-05-03 00:00:00,37,1,1,8,7,0
8514,2014-01-17 00:00:00,59,1,1,0,3,6
10448,2012-10-22 00:00:00,55,5,5,3,5,7
2109,2013-04-23 00:00:00,60,1,6,11,10,2
7530,2014-05-07 00:00:00,48,3,2,1,4,4
8925,2013-07-03 00:00:00,38,3,8,5,10,5
3009,2013-07-09 00:00:00,8,1,5,3,6,6
6355,2014-06-17 00:00:00,19,3,2,0,4,3
3517,2013-05-06 00:00:00,32,3,3,1,3,9
1158,2014-01-05 00:00:00,27,1,3,0,4,7
6203,2013-08-24 00:00:00,58,1,6,7,12,3
7165,2013-10-22 00:00:00,59,2,8,2,10,5
3595,2014-02-28 00:00:00,29,2,6,8,12,3
8537,2013-02-27 00:00:00,60,1,3,10,7,2
4331,2014-01-23 00:00:00,41,1,3,6,11,1
6281,2013-02-14 00:00:00,27,2,6,3,5,4
4338,2014-03-25 00:00:00,28,1,1,0,3,4
2452,2013-01-01 00:00:00,8,5,5,2,5,8
9507,2013-04-07 00:00:00,18,2,6,3,5,7
8360,2013-11-07 00:00:00,76,3,3,1,5,3
10311,2013-10-05 00:00:00,0,0,25,0,0,1
5117,2012-08-02 00:00:00,32,2,4,4,8,5
4867,2013-09-20 00:00:00,2,4,3,0,4,7
9289,2014-04-10 00:00:00,16,1,2,1,2,8
10913,2012-12-05 00:00:00,56,1,1,0,2,8
3032,2013-02-27 00:00:00,97,3,4,0,4,9
8524,2012-09-18 00:00:00,15,3,3,0,3,9
3334,2014-02-12 00:00:00,35,0,5,7,9,1
4470,2013-06-10 00:00:00,3,1,2,1,4,4
1406,2013-02-12 00:00:00,49,8,6,3,5,7
8619,2012-12-24 00:00:00,4,1,0,0,3,5
10821,2013-02-06 00:00:00,45,6,4,1,5,7
4552,2013-06-22 00:00:00,37,1,3,5,3,4
898,2013-10-21 00:00:00,39,3,3,0,4,8
9797,2014-04-13 00:00:00,38,2,3,3,8,2
10949,2013-12-16 00:00:00,8,1,5,5,8,3
8212,2013-03-28 00:00:00,89,2,3,1,4,7
6248,2013-10-17 00:00:00,47,0,9,7,11,3
10164,2014-04-03 00:00:00,75,1,5,5,5,5
4547,2013-04-17 00:00:00,86,2,1,0,3,8
6815,2014-05-23 00:00:00,4,0,7,6,8,2
4122,2012-08-29 00:00:00,73,1,6,5,4,4
10841,2012-12-25 00:00:00,46,3,4,3,8,4
5370,2013-01-16 00:00:00,38,4,7,1,6,8
176,2014-01-02 00:00:00,73,1,4,1,6,3
4860,2013-03-08 00:00:00,66,1,1,0,3,6
10757,2013-12-24 00:00:00,36,1,1,0,2,6
4023,2012-09-06 00:00:00,29,3,3,2,2,8
6679,2014-06-12 00:00:00,29,1,0,0,3,3
9923,2013-09-18 00:00:00,6,3,2,0,4,7
7181,2013-11-07 00:00:00,97,2,2,0,3,8
3599,2012-11-26 00:00:00,61,3,8,4,8,5
405,2013-02-13 00:00:00,68,4,5,5,3,8
6870,2013-09-17 00:00:00,73,1,3,1,7,2
832,2014-03-02 00:00:00,90,3,8,2,10,5
2002,2013-05-20 00:00:00,81,1,5,6,5,3
3657,2013-02-14 00:00:00,1,3,4,0,4,8
500,2013-08-06 00:00:00,79,1,7,7,9,2
1951,2013-01-27 00:00:00,92,6,11,2,8,9
3262,2012-08-07 00:00:00,31,1,2,9,13,5
4102,2013-03-29 00:00:00,46,1,0,0,3,6
7042,2013-03-01 00:00:00,14,1,2,1,2,9
10598,2013-04-15 00:00:00,89,3,2,0,3,8
255,2014-03-30 00:00:00,31,2,1,0,3,6
2375,2012-09-25 00:00:00,75,1,0,0,3,8
9829,2014-02-12 00:00:00,42,3,2,0,4,6
6214,2013-04-05 00:00:00,53,1,2,0,3,6
4954,2014-01-21 00:00:00,53,6,4,2,5,6
7861,2014-02-05 00:00:00,23,2,8,3,6,4
4837,2013-02-16 00:00:00,57,2,8,5,13,4
9423,2014-02-23 00:00:00,49,2,2,0,4,5
4198,2013-03-12 00:00:00,6,1,0,0,3,6
153,2013-10-17 00:00:00,29,1,1,0,3,4
9323,2012-09-07 00:00:00,5,4,10,5,7,8
10001,2012-08-01 00:00:00,98,4,2,1,3,9
3945,2013-03-10 00:00:00,80,2,11,8,4,6
3799,2013-11-26 00:00:00,4,3,7,2,11,5
8625,2013-11-12 00:00:00,70,3,3,0,3,8
3491,2013-04-29 00:00:00,32,4,11,6,8,7
983,2013-09-28 00:00:00,82,1,6,2,3,8
9119,2013-12-05 00:00:00,27,2,3,3,7,2
4786,2012-10-04 00:00:00,94,4,10,3,12,6
5872,2013-06-01 00:00:00,23,4,4,4,10,3
6568,2013-03-28 00:00:00,97,1,2,0,3,7
5628,2013-02-08 00:00:00,25,1,10,3,10,6
5631,2013-05-02 00:00:00,92,1,5,4,8,4
4974,2012-09-25 00:00:00,98,10,4,6,9,7
8416,2013-11-29 00:00:00,19,2,2,0,3,6
5454,2013-12-01 00:00:00,80,1,2,0,3,5
4095,2012-09-11 00:00:00,80,8,4,3,6,7
5474,2013-11-30 00:00:00,79,3,4,1,4,6
4268,2014-06-09 00:00:00,50,1,3,1,4,4
10701,2013-09-11 00:00:00,60,1,7,8,12,4
3507,2012-08-17 00:00:00,44,2,2,5,5,6
2079,2013-12-27 00:00:00,0,1,5,6,10,1
626,2013-03-09 00:00:00,28,1,1,0,3,4
4426,2013-09-22 00:00:00,35,6,7,2,6,7
2591,2014-06-22 00:00:00,49,2,6,3,4,2
10509,2014-06-02 00:00:00,46,2,3,0,3,8
6382,2014-06-26 00:00:00,97,1,1,0,3,4
6673,2013-03-19 00:00:00,51,1,3,0,3,8
7441,2012-10-06 00:00:00,80,3,2,10,12,7
1071,2013-07-21 00:00:00,10,3,7,3,13,5
10061,2013-01-05 00:00:00,29,2,9,2,12,7
8775,2013-12-27 00:00:00,74,3,3,1,3,7
2345,2013-10-25 00:00:00,54,1,4,4,8,2
322,2013-01-12 00:00:00,93,2,2,0,3,4
10897,2012-08-12 00:00:00,63,5,9,6,12,6
123,2013-01-06 00:00:00,92,2,4,5,4,2
6103,2013-09-06 00:00:00,40,1,2,1,3,4
7899,2012-10-29 00:00:00,70,2,4,7,4,7
10500,2014-04-05 00:00:00,96,2,3,0,4,5
1655,2013-10-19 00:00:00,81,1,1,0,3,7
2406,2013-08-05 00:00:00,63,3,6,2,8,5
2712,2013-12-25 00:00:00,85,1,6,3,10,3
5517,2013-09-15 00:00:00,51,1,1,1,2,8
10643,2013-01-10 00:00:00,23,2,5,2,11,5
2254,2013-07-07 00:00:00,95,1,9,6,5,5
10281,2014-02-07 00:00:00,11,2,5,5,7,4
6958,2013-07-05 00:00:00,42,1,1,1,2,6
954,2014-03-27 00:00:00,77,1,2,1,3,5
4643,2012-08-26 00:00:00,40,2,3,0,4,8
6497,2012-11-07 00:00:00,32,4,6,2,5,8
5396,2013-01-13 00:00:00,48,1,9,7,13,4
1052,2013-02-16 00:00:00,24,3,8,9,7,7
2802,2012-12-15 00:00:00,61,1,4,6,7,2
6343,2014-03-31 00:00:00,6,1,6,9,7,2
6507,2013-10-04 00:00:00,16,2,1,1,4,3
7901,2013-11-06 00:00:00,39,1,0,0,3,4
4865,2013-08-31 00:00:00,2,7,5,1,8,7
2686,2013-10-21 00:00:00,49,1,1,0,2,7
3107,2014-05-02 00:00:00,31,1,4,1,7,2
7734,2012-12-19 00:00:00,58,1,4,10,7,1
1146,2012-09-07 00:00:00,5,4,10,5,7,8
11031,2013-05-21 00:00:00,90,1,1,0,3,5
7428,2013-09-30 00:00:00,47,1,3,7,8,1
975,2013-05-28 00:00:00,25,5,4,1,5,6
1103,2012-09-29 00:00:00,60,2,4,4,10,6
3422,2012-11-29 00:00:00,67,1,2,3,4,6
1055,2014-03-20 00:00:00,40,1,1,0,3,4
6544,2014-05-22 00:00:00,63,3,6,7,11,3
1241,2012-09-17 00:00:00,1,2,1,0,3,9
2909,2014-02-19 00:00:00,89,2,8,4,6,3
5802,2013-02-28 00:00:00,40,1,2,0,4,6
1407,2012-10-29 00:00:00,5,2,2,0,3,7
6183,2013-06-10 00:00:00,3,1,2,1,4,4
340,2012-12-15 00:00:00,1,2,7,2,8,5
5991,2013-06-08 00:00:00,24,3,5,1,4,7
3104,2012-09-17 00:00:00,89,1,5,3,12,2
9729,2013-06-02 00:00:00,48,6,8,2,7,7
1008,2012-12-21 00:00:00,31,1,7,3,13,6
11091,2014-05-16 00:00:00,68,2,1,0,3,4
3969,2013-11-01 00:00:00,46,1,2,2,2,5
1916,2013-07-24 00:00:00,92,5,7,1,6,7
9907,2013-12-04 00:00:00,80,2,6,8,10,4
87,2013-08-26 00:00:00,16,2,2,0,3,7
8659,2014-01-21 00:00:00,50,2,6,8,11,2
6262,2013-04-10 00:00:00,93,1,3,10,8,2
6147,2012-10-18 00:00:00,51,1,0,1,2,7
8832,2012-09-12 00:00:00,24,2,3,0,4,7
10067,2013-08-10 00:00:00,79,1,1,0,2,7
7532,2012-08-30 00:00:00,26,3,3,0,4,8
4915,2012-08-03 00:00:00,86,4,5,2,12,5
2115,2014-06-20 00:00:00,68,2,1,0,4,5
2088,2013-10-04 00:00:00,98,1,5,6,12,2
2493,2013-08-02 00:00:00,34,2,7,1,8,5
6292,2013-03-30 00:00:00,60,1,4,3,10,2
1631,2012-09-03 00:00:00,3,4,8,4,7,6
10104,2013-11-03 00:00:00,65,1,1,0,2,7
3006,2013-04-22 00:00:00,83,1,1,0,3,7
3919,2013-03-11 00:00:00,64,1,5,6,8,3
11181,2013-08-29 00:00:00,85,0,0,0,0,0
642,2012-08-14 00:00:00,69,3,2,1,2,8
4369,2014-01-10 00:00:00,48,3,3,5,6,2
10127,2014-04-06 00:00:00,21,1,8,2,4,7
271,2013-10-02 00:00:00,30,5,3,4,3,6
4973,2014-05-11 00:00:00,39,1,1,1,2,7
2948,2014-03-01 00:00:00,76,1,2,2,5,2
2715,2012-08-06 00:00:00,11,4,3,2,2,9
10432,2014-01-30 00:00:00,26,1,1,0,3,8
9216,2014-01-23 00:00:00,34,2,2,0,3,6
7124,2013-02-01 00:00:00,72,5,2,1,4,5
9727,2014-02-28 00:00:00,13,1,2,0,4,6
5136,2014-01-17 00:00:00,58,7,9,4,8,6
9790,2013-11-23 00:00:00,12,1,11,3,4,4
1818,2014-03-25 00:00:00,23,1,2,0,2,9
1100,2014-03-24 00:00:00,33,4,3,1,3,5
7873,2013-07-06 00:00:00,30,4,4,1,7,5
10609,2013-10-12 00:00:00,15,2,1,1,4,4
6950,2013-12-15 00:00:00,25,2,2,0,3,7
7233,2012-09-17 00:00:00,4,2,5,3,6,4
9481,2014-01-28 00:00:00,80,4,3,1,3,8
7699,2013-10-02 00:00:00,30,5,3,4,3,6
2711,2013-06-27 00:00:00,6,1,1,0,3,7
8933,2014-05-12 00:00:00,16,2,2,0,4,6
8726,2014-04-29 00:00:00,57,5,3,1,4,6
1515,2014-01-22 00:00:00,9,1,1,0,3,3
5186,2014-03-12 00:00:00,59,2,7,4,9,6
10157,2014-01-25 00:00:00,78,1,4,1,6,4
5667,2012-10-11 00:00:00,90,3,9,10,4,6
902,2014-03-04 00:00:00,74,1,6,2,4,6
977,2013-08-01 00:00:00,10,6,5,1,8,6
7313,2013-06-03 00:00:00,63,1,6,5,11,3
7600,2013-10-28 00:00:00,13,2,1,0,3,7
9706,2013-06-24 00:00:00,98,2,2,1,3,8
2429,2013-02-14 00:00:00,4,3,5,4,8,2
3520,2013-03-27 00:00:00,94,0,4,3,7,3
10394,2013-12-23 00:00:00,91,1,4,8,5,1
4548,2013-11-23 00:00:00,66,1,1,0,3,4
9362,2014-03-05 00:00:00,14,1,9,1,7,6
3968,2013-06-28 00:00:00,77,1,11,3,12,7
4084,2014-01-17 00:00:00,41,2,6,4,11,4
6721,2013-07-29 00:00:00,21,3,6,3,5,3
2829,2014-03-10 00:00:00,25,2,9,3,8,6
1772,2013-01-11 00:00:00,2,1,5,6,7,2
1544,2012-12-22 00:00:00,51,1,4,2,10,2
492,2012-10-18 00:00:00,3,5,7,1,6,8
4377,2013-01-07 00:00:00,32,2,7,3,3,7
4541,2013-10-24 00:00:00,84,2,3,1,6,5
1321,2013-11-04 00:00:00,49,3,3,0,3,8
8858,2013-03-07 00:00:00,69,4,8,2,7,8
3266,2014-04-23 00:00:00,96,1,1,1,4,2
11187,2013-05-20 00:00:00,23,3,2,1,3,5
8207,2014-03-18 00:00:00,18,1,1,0,3,4
9723,2013-01-10 00:00:00,8,4,7,4,13,5
2666,2014-02-06 00:00:00,21,1,8,3,11,3
5721,2014-05-11 00:00:00,60,1,7,10,6,2
10652,2014-01-10 00:00:00,48,3,3,5,6,2
1646,2014-03-16 00:00:00,36,2,1,1,3,3
4418,2013-02-25 00:00:00,36,1,7,5,12,2
2656,2013-02-21 00:00:00,63,1,1,1,2,7
7990,2012-08-02 00:00:00,2,1,0,0,3,6
8722,2012-11-06 00:00:00,38,1,7,7,10,3
7118,2012-08-01 00:00:00,61,2,9,5,6,6
2980,2013-03-22 00:00:00,52,4,3,0,3,8
1839,2014-04-21 00:00:00,25,1,3,0,4,7
10722,2013-08-21 00:00:00,63,2,6,6,3,6
2632,2013-06-18 00:00:00,10,7,5,4,4,6
9014,2014-06-26 00:00:00,65,4,3,0,3,8
7620,2013-08-05 00:00:00,71,2,2,2,2,8
10968,2012-11-23 00:00:00,0,4,8,8,6,6
11133,2012-10-18 00:00:00,3,5,7,1,6,8
2736,2013-01-02 00:00:00,88,2,5,5,11,2
1876,2013-02-16 00:00:00,15,1,1,0,4,6
5959,2012-10-15 00:00:00,80,6,3,1,5,8
1092,2012-08-11 00:00:00,17,4,9,3,4,7
4333,2014-03-23 00:00:00,76,4,2,1,3,7
3850,2012-12-07 00:00:00,52,1,1,0,3,6
6168,2013-07-15 00:00:00,28,2,1,1,2,4
607,2013-02-13 00:00:00,31,6,8,1,7,8
10469,2014-02-05 00:00:00,42,1,6,2,9,2
6983,2014-05-01 00:00:00,24,2,2,0,3,7
3661,2012-10-12 00:00:00,42,1,4,6,8,2
9303,2013-07-30 00:00:00,12,0,1,0,0,13
692,2012-12-20 00:00:00,88,1,1,0,2,6
736,2013-03-21 00:00:00,67,2,2,0,3,8
9589,2014-04-05 00:00:00,54,0,4,6,7,1
4838,2013-06-19 00:00:00,40,1,1,0,2,8
9246,2012-10-14 00:00:00,73,4,6,1,6,7
6261,2013-11-26 00:00:00,81,3,3,2,10,4
7366,2013-07-04 00:00:00,12,1,3,6,11,1
10659,2013-05-07 00:00:00,7,4,3,2,2,7
1448,2014-06-25 00:00:00,33,3,2,0,4,4
4286,2014-01-09 00:00:00,24,3,7,6,6,4
4749,2012-09-26 00:00:00,55,6,8,2,6,7
4478,2013-03-24 00:00:00,87,8,11,1,6,8
4201,2013-03-03 00:00:00,39,5,4,2,8,5
10084,2014-05-18 00:00:00,9,2,2,1,2,7
7004,2013-03-16 00:00:00,82,3,3,1,2,9
9817,2012-08-21 00:00:00,71,2,9,4,12,8
8080,2012-08-17 00:00:00,50,1,0,0,3,4
9432,2013-06-02 00:00:00,23,4,3,1,3,6
8372,2013-07-01 00:00:00,81,1,1,0,2,7
10870,2013-06-13 00:00:00,46,2,9,3,4,5
4001,2014-06-10 00:00:00,56,7,8,2,5,7
7270,2014-01-25 00:00:00,91,1,2,3,13,6
8235,2014-01-24 00:00:00,8,2,6,5,10,3
9405,2012-10-15 00:00:00,40,3,3,1,4,7
